price,listing-location,bed,bath,surface_area,location
1790000000,"Ngaglik, Sleman",3,3,120.0,Sleman
170000000,"Jombor, Sleman",3,2,102.0,Sleman
695000000,"Berbah, Sleman",2,2,100.0,Sleman
560000000,"Prambanan, Sleman",3,1,109.0,Sleman
200000000,"Moyudan, Sleman",2,1,60.0,Sleman
1470000000,"Depok, Sleman",5,3,125.0,Sleman
560000000,"Prambanan, Sleman",3,1,109.0,Sleman
2100000000,"Gamping, Sleman",11,11,206.0,Sleman
1600000000,"Ngaglik, Sleman",5,4,300.0,Sleman
2400000000,"Kaliurang, Yogyakarta",3,3,403.0,Yogyakarta
875000000,"Ngaglik, Sleman",3,2,145.0,Sleman
570000000,"Ngaglik, Sleman",2,1,83.0,Sleman
300000000,"Sedayu, Bantul",2,1,60.0,Bantul
750000000,"Ngemplak, Sleman",4,2,140.0,Sleman
1850000000,"Ngaglik, Sleman",4,4,166.0,Sleman
745000000,"Piyungan, Bantul",3,1,209.0,Bantul
1700000000,"Depok, Sleman",4,3,169.0,Sleman
4200000000,"Ngemplak, Sleman",4,3,480.0,Sleman
455000000,"Umbulharjo, Yogyakarta",2,1,61.0,Yogyakarta
1100000000,"Ngaglik, Sleman",4,3,171.0,Sleman
850000000,"Godean, Sleman",3,2,135.0,Sleman
3500000000,"Depok, Sleman",7,7,349.0,Sleman
1300000000,"Umbulharjo, Yogyakarta",3,2,134.0,Yogyakarta
4800000000,"Ngaglik, Sleman",13,15,235.0,Sleman
1850000000,"Ngaglik, Sleman",4,3,135.0,Sleman
5500000000,"Depok, Sleman",3,2,275.0,Sleman
4750000000,"Mlati, Sleman",5,6,267.0,Sleman
2000000000,"Depok, Sleman",14,14,196.0,Sleman
1400000000,"Depok, Sleman",3,2,205.0,Sleman
765000000,"Gamping, Sleman",3,2,109.0,Sleman
2200000000,"Condong Catur, Sleman",3,3,139.0,Sleman
3100000000,"Kasihan, Bantul",5,3,146.0,Bantul
9900000000,"Ngaglik, Sleman",4,4,3400.0,Sleman
7500000000,"Ngaglik, Sleman",8,8,1000.0,Sleman
2500000000,"Bantul, Bantul",6,4,128.0,Bantul
1950000000,"Depok, Sleman",3,3,128.0,Sleman
10000000000,"Sleman, Sleman",5,3,848.0,Sleman
1080000000,"Ngaglik, Sleman",3,2,147.0,Sleman
969000000,"Ngaglik, Sleman",3,3,102.0,Sleman
25000000000,"Depok, Sleman",34,32,832.0,Sleman
5500000000,"Ngaglik, Sleman",5,6,295.0,Sleman
2100000000,"Depok, Sleman",3,3,139.0,Sleman
3200000000,"Ngaglik, Sleman",5,5,204.0,Sleman
2100000000,"Depok, Sleman",3,3,139.0,Sleman
500000000,"Condong Catur, Sleman",3,1,72.0,Sleman
1300000000,"Ngaglik, Sleman",3,2,156.0,Sleman
900000000,"Kasihan, Bantul",3,2,111.0,Bantul
3400000000,"Depok, Sleman",7,4,415.0,Sleman
10000000000,"Ngaglik, Sleman",9,5,1527.0,Sleman
15000000000,"Mlati, Sleman",6,7,636.0,Sleman
6500000000,"Umbulharjo, Yogyakarta",11,11,500.0,Yogyakarta
2480000000,"Sleman, Sleman",4,3,192.0,Sleman
2450000000,"Gamping, Sleman",4,3,187.0,Sleman
2650000000,"Sleman, Sleman",4,3,213.0,Sleman
2430000000,"Sleman, Sleman",4,3,192.0,Sleman
2490000000,"Sleman, Sleman",4,3,200.0,Sleman
1200000000,"Mlati, Sleman",3,2,100.0,Sleman
1650000000,"Sewon, Bantul",3,4,912.0,Bantul
2250000000,"Depok, Sleman",10,10,100.0,Sleman
900000000,"Kalasan, Sleman",4,2,120.0,Sleman
2350000000,"Depok, Sleman",4,3,120.0,Sleman
1450000000,"Condong Catur, Sleman",3,3,150.0,Sleman
450000000,"Plered, Bantul",2,1,97.0,Bantul
845000000,"Umbulharjo, Yogyakarta",2,2,60.0,Yogyakarta
1800000000,"Mlati, Sleman",3,2,134.0,Sleman
3500000000,"Mlati, Sleman",4,5,288.0,Sleman
299000000,"Gamping, Sleman",2,1,60.0,Sleman
1380000000,"Berbah, Sleman",3,2,107.0,Sleman
1200000000,"Sleman, Yogyakarta",4,5,128.0,Yogyakarta
750000000,"Condong Catur, Sleman",7,2,60.0,Sleman
750000000,"Depok, Sleman",2,1,166.0,Sleman
1650000000,"Maguwoharjo, Yogyakarta",3,3,200.0,Yogyakarta
900000000,"Kalasan, Sleman",3,2,140.0,Sleman
499000000,"Mlati, Sleman",2,1,120.0,Sleman
1600000000,"Ngaglik, Sleman",4,3,118.0,Sleman
1450000000,"Ngemplak, Sleman",3,2,100.0,Sleman
1500000000,"Umbulharjo, Yogyakarta",4,3,204.0,Yogyakarta
1850000000,"Ngemplak, Sleman",3,2,116.0,Sleman
1600000000,"Depok, Sleman",4,4,126.0,Sleman
2500000000,"Kasihan, Bantul",3,3,352.0,Bantul
2500000000,"Kasihan, Bantul",3,3,352.0,Bantul
1670000000,"Depok, Sleman",4,2,162.0,Sleman
4900000000,"Condong Catur, Sleman",4,4,309.0,Sleman
28000000000,"Demangan, Yogyakarta",6,3,998.0,Yogyakarta
2360000000,"Sleman, Sleman",4,3,182.0,Sleman
2460000000,"Sleman, Sleman",4,3,196.0,Sleman
2430000000,"Gamping, Sleman",4,3,192.0,Sleman
2400000000,"Sleman, Sleman",4,3,187.0,Sleman
1590000000,"Ngaglik, Sleman",3,3,90.0,Sleman
576000000,"Ngemplak, Sleman",3,2,144.0,Sleman
2540000000,"Sleman, Sleman",4,3,200.0,Sleman
300000000,"Kasihan, Bantul",1,1,52.0,Bantul
3300000000,"Depok, Sleman",40,42,110.0,Sleman
995000000,"Depok, Sleman",3,2,109.0,Sleman
410000000,"Kalasan, Sleman",2,1,112.0,Sleman
245000000,"Prambanan, Sleman",2,1,75.0,Sleman
2400000000,"Sleman, Sleman",4,3,403.0,Sleman
1790000000,"Purwomartani   , Sleman",4,3,113.0,Sleman
399000000,"Minggir, Sleman",2,1,100.0,Sleman
550000000,"Mlati, Sleman",3,2,101.0,Sleman
2400000000,"Gondokusuman, Yogyakarta",3,2,121.0,Yogyakarta
410000000,"Bantul, Bantul",2,1,80.0,Bantul
2900000000,"Ngaglik, Sleman",3,3,140.0,Sleman
650000000,"Kotagede, Yogyakarta",4,2,90.0,Yogyakarta
775000000,"Sleman, Yogyakarta",2,1,132.0,Yogyakarta
1000000000,"Ngaglik, Sleman",6,6,131.0,Sleman
999000000,"Ngemplak, Sleman",3,3,103.0,Sleman
7250000000,"Turi, Sleman",5,7,2770.0,Sleman
1200000000,"Kaliurang, Sleman",4,2,766.0,Sleman
695000000,"Pogung, Yogyakarta",2,2,100.0,Yogyakarta
675000000,"Bantul, Bantul",2,1,85.0,Bantul
4250000000,"Mantrijeron, Yogyakarta",3,3,425.0,Yogyakarta
725000000,"Cebongan, Sleman",3,2,114.0,Sleman
815000000,"Umbulharjo, Yogyakarta",2,2,75.0,Yogyakarta
455000000,"Sedayu, Bantul",2,1,83.0,Bantul
1300000000,"Mlati, Sleman",3,1,126.0,Sleman
690000000,"Bantul, Bantul",3,2,76.0,Bantul
11000000000,"Ngaglik, Sleman",4,3,340.0,Sleman
2430000000,"Sleman, Sleman",4,3,192.0,Sleman
575000000,"Kalasan, Sleman",3,2,98.0,Sleman
4200000000,"Mlati, Sleman",4,4,564.0,Sleman
1850000000,"Depok, Sleman",3,2,126.0,Sleman
580000000,"Sleman, Yogyakarta",3,2,90.0,Yogyakarta
4250000000,"Mantrijeron, Yogyakarta",3,3,425.0,Yogyakarta
3100000000,"Mlati, Sleman",7,4,225.0,Sleman
750000000,"Depok, Sleman",2,1,166.0,Sleman
25000000000,"Pakualaman, Yogyakarta",9,9,429.0,Yogyakarta
799000000,"Mlati, Sleman",3,2,111.0,Sleman
799000000,"Umbulharjo, Yogyakarta",3,2,75.0,Yogyakarta
8900000000,"Ngaglik, Sleman",7,6,1050.0,Sleman
3990000000,"Depok, Sleman",13,11,235.0,Sleman
950000000,"Depok, Sleman",4,4,90.0,Sleman
800000000,"Bantul, Yogyakarta",3,2,101.0,Yogyakarta
4000000000,"Mlati, Sleman",15,15,207.0,Sleman
1700000000,"Gamping, Sleman",10,10,100.0,Sleman
392000000,"Sayegan, Sleman",2,1,80.0,Sleman
1450000000,"Danurejan, Yogyakarta",3,3,110.0,Yogyakarta
1300000000,"Gamping, Sleman",10,6,236.0,Sleman
4200000000,"Mlati, Sleman",4,4,564.0,Sleman
235000000,"Depok, Sleman",2,1,73.0,Sleman
2400000000,"Ngaglik, Sleman",10,10,175.0,Sleman
1880000000,"Mlati, Sleman",3,3,121.0,Sleman
2660000000,"Mlati, Sleman",3,3,153.0,Sleman
320000000,"Ngaglik, Sleman",2,1,94.0,Sleman
1650000000,"Ngaglik, Sleman",4,3,125.0,Sleman
1990000000,"Sleman, Yogyakarta",3,3,172.0,Yogyakarta
1800000000,"Ngaglik, Sleman",3,3,95.0,Sleman
550000000,"Kalasan, Sleman",3,1,116.0,Sleman
1700000000,"Ngaglik, Sleman",3,4,151.0,Sleman
1100000000,"Ngaglik, Sleman",3,2,138.0,Sleman
2200000000,"Ngaglik, Sleman",5,4,114.0,Sleman
750000000,"Sleman, Sleman",3,2,130.0,Sleman
237000000,"Kalasan, Sleman",2,1,60.0,Sleman
750000000,"Sleman, Sleman",3,2,130.0,Sleman
1650000000,"Ngaglik, Sleman",4,3,125.0,Sleman
1520000000,"Ngaglik, Sleman",4,2,99.0,Sleman
350000000,"Godean, Sleman",2,1,104.0,Sleman
850000000,"Ngaglik, Sleman",3,2,114.0,Sleman
2950000000,"Wirobrajan, Yogyakarta",4,3,213.0,Yogyakarta
895000000,"Kotagede, Yogyakarta",3,2,91.0,Yogyakarta
2500000000,"Kasihan, Bantul",3,3,352.0,Bantul
1200000000,"Umbulharjo, Yogyakarta",3,2,115.0,Yogyakarta
1270000000,"Depok, Sleman",3,2,130.0,Sleman
675000000,"Banguntapan, Bantul",2,1,85.0,Bantul
817000000,"Gamping, Sleman",2,2,103.0,Sleman
4500000000,"Depok, Sleman",20,15,235.0,Sleman
817000000,"Gamping, Sleman",2,2,103.0,Sleman
470000000,"Gondokusuman, Yogyakarta",3,3,147.0,Yogyakarta
765000000,"Umbulharjo, Yogyakarta",2,1,101.0,Yogyakarta
675000000,"Kalasan, Sleman",2,1,84.0,Sleman
2200000000,"Ngaglik, Sleman",4,4,150.0,Sleman
725000000,"Maguwoharjo, Yogyakarta",3,2,100.0,Yogyakarta
800000000,"Ngemplak, Sleman",3,2,120.0,Sleman
884000000,"Maguwoharjo, Yogyakarta",4,2,104.0,Yogyakarta
3400000000,"Condong Catur, Sleman",4,3,421.0,Sleman
1250000000,"Ngaglik, Sleman",2,2,125.0,Sleman
500000000,"Ngemplak, Sleman",2,2,80.0,Sleman
500000000,"Kalasan, Sleman",3,2,108.0,Sleman
3900000000,"Ngaglik, Sleman",14,14,502.0,Sleman
690000000,"Seturan, Yogyakarta",2,1,87.0,Yogyakarta
875000000,"Maguwoharjo, Yogyakarta",3,2,112.0,Yogyakarta
756000000,"Ngaglik, Sleman",3,1,104.0,Sleman
4500000000,"Ngaglik, Sleman",5,2,503.0,Sleman
1300000000,"Ngemplak, Sleman",5,6,320.0,Sleman
850000000,"Kasihan, Bantul",3,2,80.0,Bantul
6500000000,"Pakem, Sleman",9,6,2367.0,Sleman
1290000000,"Banguntapan, Bantul",4,3,99.0,Bantul
2700000000,"Ngaglik, Sleman",3,2,267.0,Sleman
6500000000,"Kalasan, Sleman",5,4,778.0,Sleman
1780000000,"Depok, Sleman",4,3,118.0,Sleman
1250000000,"Mlati, Sleman",3,3,105.0,Sleman
575000000,"Kalasan, Sleman",2,1,108.0,Sleman
8900000000,"Ngaglik, Sleman",17,17,550.0,Sleman
775000000,"Gamping, Sleman",2,2,118.0,Sleman
575000000,"Kalasan, Sleman",3,2,101.0,Sleman
785000000,"Ngemplak, Sleman",3,2,115.0,Sleman
2450000000,"Depok, Sleman",8,5,150.0,Sleman
6000000000,"Caturtunggal, Sleman",34,8,1145.0,Sleman
1850000000,"Tegalrejo, Yogyakarta",4,3,147.0,Yogyakarta
8500000000,"Depok, Sleman",17,15,389.0,Sleman
900000000,"Banguntapan, Bantul",3,3,98.0,Bantul
3500000000,"Mlati, Sleman",14,5,203.0,Sleman
750000000,"Sleman, Sleman",3,2,130.0,Sleman
2200000000,"Umbulharjo, Yogyakarta",5,6,495.0,Yogyakarta
2800000000,"Depok, Sleman",7,3,140.0,Sleman
4500000000,"Purwomartani   , Sleman",3,2,668.0,Sleman
2800000000,"Ngaglik, Sleman",4,4,154.0,Sleman
1500000000,"Kalasan, Sleman",2,1,120.0,Sleman
275000000,"Bantul, Bantul",2,1,70.0,Bantul
1700000000,"Ngaglik, Sleman",6,5,162.0,Sleman
25000000000,"Pakualaman, Yogyakarta",9,9,429.0,Yogyakarta
6000000000,"Gamping, Sleman",6,6,688.0,Sleman
5200000000,"Umbulharjo, Yogyakarta",12,12,525.0,Yogyakarta
305000000,"Wonosari, Gunung Kidul",2,1,66.0,Gunung Kidul
310000000,"Wonosari, Gunung Kidul",2,1,72.0,Gunung Kidul
310000000,"Wonosari, Gunung Kidul",2,1,72.0,Gunung Kidul
315000000,"Wonosari, Gunung Kidul",2,1,45.0,Gunung Kidul
312000000,"Wonosari, Gunung Kidul",2,1,45.0,Gunung Kidul
3100000000,"Mlati, Sleman",7,4,225.0,Sleman
375000000,"Sedayu, Bantul",2,1,82.0,Bantul
2100000000,"Depok, Sleman",3,3,139.0,Sleman
2000000000,"Umbulharjo, Yogyakarta",4,2,105.0,Yogyakarta
645000000,"Banguntapan, Bantul",3,1,93.0,Bantul
4200000000,"Mlati, Sleman",4,4,564.0,Sleman
1280000000,"Ngaglik, Sleman",3,3,134.0,Sleman
270000000,"Prambanan, Sleman",2,1,61.0,Sleman
3100000000,"Mlati, Sleman",7,4,225.0,Sleman
1780000000,"Gamping, Sleman",3,3,119.0,Sleman
598000000,"Berbah, Sleman",2,1,90.0,Sleman
645000000,"Banguntapan, Bantul",3,1,93.0,Bantul
4200000000,"Mlati, Sleman",4,4,564.0,Sleman
25000000000,"Pakualaman, Yogyakarta",9,9,429.0,Yogyakarta
1820000000,"Gamping, Sleman",3,2,140.0,Sleman
2900000000,"Pakem, Sleman",2,3,380.0,Sleman
499000000,"Ngaglik, Sleman",2,1,120.0,Sleman
4250000000,"Mantrijeron, Yogyakarta",3,3,425.0,Yogyakarta
592000000,"Sayegan, Sleman",2,1,91.0,Sleman
985000000,"Depok, Sleman",2,2,125.0,Sleman
890000000,"Banguntapan, Bantul",3,2,85.0,Bantul
5000000000,"Pakem, Sleman",8,7,1031.0,Sleman
4750000000,"Ngaglik, Sleman",5,5,419.0,Sleman
1250000000,"Depok, Sleman",2,1,130.0,Sleman
790000000,"Banguntapan, Bantul",3,2,75.0,Bantul
4200000000,"Depok, Sleman",5,4,230.0,Sleman
250000000,"Jetis, Bantul",2,1,76.0,Bantul
600000000,"Sleman, Sleman",3,1,167.0,Sleman
6900000000,"Ngaglik, Sleman",5,3,843.0,Sleman
3800000000,"Sleman, Sleman",3,3,199.0,Sleman
407000000,"Jetis, Bantul",2,1,80.0,Bantul
297000000,"Bantul, Bantul",2,1,75.0,Bantul
400000000,"Pajangan, Bantul",2,1,90.0,Bantul
1450000000,"Kraton, Yogyakarta",3,3,110.0,Yogyakarta
1940000000,"Danurejan, Yogyakarta",3,3,150.0,Yogyakarta
400000000,"Pajangan, Bantul",2,1,90.0,Bantul
580000000,"Cebongan, Yogyakarta",3,2,101.0,Yogyakarta
850000000,"Banguntapan, Bantul",3,2,102.0,Bantul
850000000,"Banguntapan, Bantul",3,2,102.0,Bantul
850000000,"Kraton, Yogyakarta",4,3,126.0,Yogyakarta
350000000,"Sedayu, Bantul",2,1,105.0,Bantul
2120000000,"Sewon, Bantul",4,4,120.0,Bantul
2120000000,"Sewon, Bantul",4,4,120.0,Bantul
808000000,"Bantul, Bantul",3,2,85.0,Bantul
690000000,"Banguntapan, Bantul",3,2,78.0,Bantul
675000000,"Banguntapan, Bantul",2,1,85.0,Bantul
1250000000,"Depok, Sleman",10,4,128.0,Sleman
870000000,"Godean, Sleman",3,2,135.0,Sleman
2600000000,"Maguwoharjo, Yogyakarta",4,3,150.0,Yogyakarta
300000000,"Pajangan, Bantul",2,1,74.0,Bantul
2300000000,"Kaliurang, Sleman",8,9,98.0,Sleman
1600000000,"Danurejan, Yogyakarta",4,2,125.0,Yogyakarta
2500000000,"Kasihan, Bantul",3,3,352.0,Bantul
1600000000,"Bantul, Bantul",4,3,193.0,Bantul
6500000000,"Bantul, Bantul",5,5,455.0,Bantul
1750000000,"Tegalrejo, Yogyakarta",4,4,187.0,Yogyakarta
3500000000,"Depok, Sleman",4,3,728.0,Sleman
3500000000,"Depok, Sleman",4,3,728.0,Sleman
299000000,"Gamping, Sleman",2,1,74.0,Sleman
3000000000,"Bantul, Bantul",4,2,262.0,Bantul
385000000,"Mlati, Sleman",3,2,63.0,Sleman
900000000,"Godean, Sleman",3,2,133.0,Sleman
1300000000,"Umbulharjo, Yogyakarta",3,3,135.0,Yogyakarta
280000000,"Ngaglik, Sleman",2,1,88.0,Sleman
1600000000,"Prambanan, Sleman",3,2,530.0,Sleman
250000000,"Ngaglik, Sleman",2,1,88.0,Sleman
42000000000,"Umbulharjo, Yogyakarta",5,4,1769.0,Yogyakarta
1750000000,"Mlati, Sleman",3,2,131.0,Sleman
4600000000,"Caturtunggal, Sleman",5,3,443.0,Sleman
900000000,"Ngaglik, Sleman",2,2,108.0,Sleman
595000000,"Banguntapan, Bantul",3,1,93.0,Bantul
852000000,"Depok, Sleman",4,2,142.0,Sleman
700000000,"Mlati, Sleman",3,2,106.0,Sleman
2300000000,"Mlati, Sleman",8,8,98.0,Sleman
1290000000,"Banguntapan, Bantul",4,3,99.0,Bantul
375000000,"Kalasan, Sleman",2,1,72.0,Sleman
1470000000,"Depok, Sleman",4,4,178.0,Sleman
462000000,"Sleman, Yogyakarta",1,1,201.0,Yogyakarta
1560000000,"Sleman, Sleman",1,1,209.0,Sleman
550000000,"Ngemplak, Sleman",3,2,82.0,Sleman
2500000000,"Depok, Sleman",3,2,123.0,Sleman
495000000,"Imogiri              , Bantul",3,1,141.0,Bantul
475000000,"Cebongan, Sleman",2,1,90.0,Sleman
5500000000,"Gondokusuman, Yogyakarta",4,4,287.0,Yogyakarta
700000000,"Kalasan, Sleman",2,2,100.0,Sleman
250000000,"Ngaglik, Sleman",2,1,88.0,Sleman
580000000,"Kalasan, Sleman",3,2,100.0,Sleman
765000000,"Purwomartani   , Sleman",3,2,118.0,Sleman
1880000000,"Kotagede, Yogyakarta",3,2,150.0,Yogyakarta
500000000,"Sewon, Bantul",3,1,97.0,Bantul
278000000,"Sentolo, Kulon Progo",2,1,72.0,Kulon Progo
495000000,"Gamping, Sleman",2,1,107.0,Sleman
495000000,"Gamping, Sleman",2,1,107.0,Sleman
278000000,"Sentolo, Kulon Progo",2,1,72.0,Kulon Progo
900000000,"Kotagede, Yogyakarta",4,2,140.0,Yogyakarta
1950000000,"Kasihan, Bantul",3,2,168.0,Bantul
897000000,"Ngemplak, Sleman",3,2,107.0,Sleman
730000000,"Condong Catur, Sleman",3,2,100.0,Sleman
513000000,"Playen, Gunung Kidul",2,1,79.0,Gunung Kidul
1980000000,"Kalasan, Sleman",3,3,150.0,Sleman
990000000,"Maguwoharjo, Yogyakarta",3,3,103.0,Yogyakarta
278000000,"Sentolo, Kulon Progo",2,1,71.0,Kulon Progo
600000000,"Ngaglik, Sleman",1,1,225.0,Sleman
695000000,"Maguwoharjo, Yogyakarta",3,2,94.0,Yogyakarta
900000000,"Godean, Sleman",2,2,133.0,Sleman
2360000000,"Sleman, Sleman",4,3,182.0,Sleman
850000000,"Ngaglik, Sleman",2,2,106.0,Sleman
600000000,"Kaliurang, Sleman",3,2,123.0,Sleman
2600000000,"Mlati, Sleman",5,4,150.0,Sleman
1700000000,"Mlati, Sleman",4,3,110.0,Sleman
1970000000,"Ngaglik, Sleman",4,3,135.0,Sleman
1750000000,"Mlati, Sleman",8,4,176.0,Sleman
1200000000,"Depok, Sleman",7,3,157.0,Sleman
970000000,"Ngaglik, Sleman",4,2,176.0,Sleman
8900000000,"Depok, Sleman",5,5,1280.0,Sleman
5900000000,"Depok, Sleman",4,4,1192.0,Sleman
1600000000,"Gamping, Sleman",5,5,131.0,Sleman
5000000000,"Depok, Sleman",9,6,438.0,Sleman
14000000000,"Kotagede, Yogyakarta",13,13,1200.0,Yogyakarta
675000000,"Kalasan, Sleman",3,2,125.0,Sleman
675000000,"Kalasan, Sleman",3,2,125.0,Sleman
795000000,"Gamping, Sleman",3,2,98.0,Sleman
580000000,"Kalasan, Sleman",3,2,100.0,Sleman
580000000,"Kalasan, Sleman",3,2,100.0,Sleman
2350000000,"Ngaglik, Sleman",10,10,103.0,Sleman
2200000000,"Ngaglik, Sleman",4,2,250.0,Sleman
549000000,"Kalasan, Sleman",2,1,90.0,Sleman
549000000,"Kalasan, Sleman",2,1,90.0,Sleman
585000000,"Kalasan, Sleman",3,2,100.0,Sleman
585000000,"Kalasan, Sleman",3,2,100.0,Sleman
8000000000,"Depok, Sleman",11,6,618.0,Sleman
500000000,"Kalasan, Sleman",2,2,120.0,Sleman
500000000,"Kalasan, Sleman",2,2,120.0,Sleman
1100000000,"Ngaglik, Sleman",4,2,115.0,Sleman
720000000,"Kalasan, Sleman",3,2,87.0,Sleman
720000000,"Kalasan, Sleman",3,2,87.0,Sleman
2300000000,"Depok, Sleman",4,3,160.0,Sleman
399000000,"Gamping, Sleman",2,2,100.0,Sleman
1350000000,"Wirobrajan, Yogyakarta",3,2,105.0,Yogyakarta
1500000000,"Turi, Sleman",3,2,976.0,Sleman
1300000000,"Wirobrajan, Yogyakarta",3,2,161.0,Yogyakarta
875000000,"Mantrijeron, Yogyakarta",3,2,85.0,Yogyakarta
235000000,"Prambanan, Sleman",2,1,73.0,Sleman
799000000,"Mantrijeron, Yogyakarta",3,1,119.0,Yogyakarta
2200000000,"Mlati, Sleman",11,11,133.0,Sleman
1000000000,"Wirobrajan, Yogyakarta",5,3,180.0,Yogyakarta
950000000,"Kasihan, Bantul",3,1,108.0,Bantul
998000000,"Maguwoharjo, Yogyakarta",3,3,103.0,Yogyakarta
8000000000,"Pogung, Yogyakarta",7,4,1300.0,Yogyakarta
1300000000,"Mantrijeron, Yogyakarta",5,2,112.0,Yogyakarta
1300000000,"Mantrijeron, Yogyakarta",5,4,150.0,Yogyakarta
2430000000,"Sleman, Sleman",4,3,192.0,Sleman
302000000,"Kaliurang, Yogyakarta",3,2,121.0,Yogyakarta
480000000,"Kasihan, Bantul",3,1,98.0,Bantul
1000000000,"Sedayu, Bantul",7,5,110.0,Bantul
1500000000,"Maguwoharjo, Yogyakarta",3,4,151.0,Yogyakarta
2650000000,"Sleman, Sleman",4,3,213.0,Sleman
2950000000,"Depok, Sleman",15,15,200.0,Sleman
155000000,"Ngaglik, Sleman",2,1,88.0,Sleman
2100000000,"Gamping, Sleman",3,2,223.0,Sleman
2490000000,"Sleman, Sleman",4,3,200.0,Sleman
591000000,"Sleman, Sleman",2,1,84.0,Sleman
1350000000,"Gamping, Sleman",5,3,156.0,Sleman
650000000,"Tempel, Sleman",5,2,161.0,Sleman
571000000,"Sleman, Sleman",2,1,79.0,Sleman
1380000000,"Sleman, Sleman",3,2,103.0,Sleman
325000000,"Kulonprogo, Kulon Progo",2,1,70.0,Kulon Progo
337000000,"Kulonprogo, Kulon Progo",2,1,74.0,Kulon Progo
331000000,"Kulonprogo, Kulon Progo",2,1,72.0,Kulon Progo
2880000000,"Sleman, Sleman",11,11,207.0,Sleman
725000000,"Kalasan, Sleman",4,2,130.0,Sleman
1350000000,"Sleman, Sleman",3,2,100.0,Sleman
520000000,"Sayegan, Sleman",2,1,90.0,Sleman
7250000000,"Mergangsan, Yogyakarta",23,11,500.0,Yogyakarta
2400000000,"Sleman, Sleman",4,3,187.0,Sleman
950000000,"Ngaglik, Sleman",3,2,175.0,Sleman
1480000000,"Sleman, Sleman",3,2,125.0,Sleman
2200000000,"Ngaglik, Sleman",10,10,122.0,Sleman
2430000000,"Gamping, Sleman",4,3,192.0,Sleman
2460000000,"Sleman, Sleman",4,3,196.0,Sleman
2360000000,"Sleman, Sleman",4,3,182.0,Sleman
2400000000,"Gamping, Sleman",4,3,187.0,Sleman
2650000000,"Sleman, Sleman",4,3,213.0,Sleman
1950000000,"Banguntapan, Bantul",4,3,630.0,Bantul
2550000000,"Maguwoharjo, Yogyakarta",4,4,175.0,Yogyakarta
7900000000,"Kraton, Yogyakarta",6,6,816.0,Yogyakarta
700000000,"Ngaglik, Sleman",2,2,108.0,Sleman
556000000,"Gondokusuman, Yogyakarta",2,1,84.0,Yogyakarta
725000000,"Sleman, Sleman",2,1,120.0,Sleman
2530000000,"Maguwoharjo, Yogyakarta",4,4,175.0,Yogyakarta
549000000,"Kalasan, Sleman",2,1,90.0,Sleman
898000000,"Maguwoharjo, Yogyakarta",3,2,90.0,Yogyakarta
8000000000,"Kaliurang, Sleman",24,24,385.0,Sleman
850000000,"Gamping, Sleman",3,1,96.0,Sleman
350000000,"Purwomartani   , Sleman",2,1,115.0,Sleman
2970000000,"Wirobrajan, Yogyakarta",5,2,143.0,Yogyakarta
1600000000,"Mergangsan, Yogyakarta",12,12,425.0,Yogyakarta
3800000000,"Pakem, Sleman",5,3,472.0,Sleman
2900000000,"Umbulharjo, Yogyakarta",3,2,365.0,Yogyakarta
2250000000,"Depok, Sleman",4,2,138.0,Sleman
4250000000,"Mantrijeron, Yogyakarta",3,3,425.0,Yogyakarta
2540000000,"Maguwoharjo, Yogyakarta",4,4,175.0,Yogyakarta
950000000,"Kraton, Yogyakarta",3,4,135.0,Yogyakarta
2300000000,"Gamping, Sleman",3,3,204.0,Sleman
525000000,"Kaliurang, Yogyakarta",2,1,126.0,Yogyakarta
499000000,"Gamping, Sleman",2,1,141.0,Sleman
1500000000,"Depok, Sleman",4,2,218.0,Sleman
2109999999,"Sleman, Sleman",3,2,110.0,Sleman
3870000000,"Sleman, Sleman",3,3,204.0,Sleman
3230000000,"Sleman, Sleman",3,3,153.0,Sleman
1250000000,"Kotagede, Yogyakarta",2,1,135.0,Yogyakarta
575000000,"Purwomartani   , Sleman",3,2,129.0,Sleman
900000000,"Depok, Sleman",3,2,153.0,Sleman
1900000000,"Depok, Sleman",5,4,158.0,Sleman
1600000000,"Mergangsan, Yogyakarta",12,12,425.0,Yogyakarta
1380000000,"Sleman, Sleman",3,2,107.0,Sleman
1600000000,"Gamping, Sleman",4,4,131.0,Sleman
1900000000,"Depok, Sleman",5,6,166.0,Sleman
7500000000,"Depok, Sleman",17,17,453.0,Sleman
13000000000,"Pakualaman, Yogyakarta",3,1,838.0,Yogyakarta
3000000000,"Ngaglik, Sleman",3,3,229.0,Sleman
1100000000,"Condong Catur, Sleman",3,2,187.0,Sleman
270000000,"Ngemplak, Sleman",2,1,61.0,Sleman
4200000000,"Sleman, Yogyakarta",4,4,564.0,Yogyakarta
1700000000,"Banguntapan, Bantul",3,2,118.0,Bantul
550000000,"Banguntapan, Bantul",6,3,94.0,Bantul
1950000000,"Banguntapan, Bantul",4,3,630.0,Bantul
1100000000,"Ngemplak, Sleman",2,1,110.0,Sleman
2600000000,"Turi, Sleman",4,4,1112.0,Sleman
25000000000,"Pakualaman, Yogyakarta",9,9,429.0,Yogyakarta
1200000000,"Kaliurang, Sleman",5,6,499.0,Sleman
1420000000,"Mlati, Sleman",5,4,144.0,Sleman
575000000,"Purwomartani   , Sleman",3,2,100.0,Sleman
730000000,"Purwomartani   , Sleman",3,2,100.0,Sleman
590000000,"Kaliurang, Sleman",2,1,98.0,Sleman
3600000000,"Kaliurang, Sleman",7,2,285.0,Sleman
1350000000,"Ngaglik, Sleman",4,3,115.0,Sleman
4250000000,"Mantrijeron, Yogyakarta",3,3,425.0,Yogyakarta
725000000,"Depok, Sleman",3,2,87.0,Sleman
2150000000,"Kasihan, Bantul",4,3,111.0,Bantul
1800000000,"Banguntapan, Bantul",4,4,128.0,Bantul
895000000,"Sleman, Yogyakarta",3,1,157.0,Yogyakarta
1100000000,"Kaliurang, Sleman",3,2,213.0,Sleman
725000000,"Depok, Sleman",3,2,96.0,Sleman
2500000000,"Ngaglik, Sleman",4,3,215.0,Sleman
1600000000,"Banguntapan, Bantul",3,3,156.0,Bantul
1450000000,"Wirobrajan, Yogyakarta",3,3,110.0,Yogyakarta
650000000,"Ngaglik, Sleman",3,2,101.0,Sleman
1600000000,"Kaliurang, Sleman",3,3,122.0,Sleman
2109999999,"Sleman, Yogyakarta",4,3,192.0,Yogyakarta
745000000,"Gamping, Sleman",2,2,98.0,Sleman
357000000,"Prambanan, Sleman",2,1,99.0,Sleman
2140000000,"Sleman, Sleman",4,3,196.0,Sleman
1600000000,"Depok, Sleman",4,3,169.0,Sleman
1900000000,"Condong Catur, Sleman",3,3,128.0,Sleman
1820000000,"Wirobrajan, Yogyakarta",3,2,140.0,Yogyakarta
756000000,"Mlati, Sleman",3,1,108.0,Sleman
2200000000,"Depok, Sleman",4,2,406.0,Sleman
2109999999,"Mlati, Sleman",3,2,110.0,Sleman
3870000000,"Mlati, Sleman",3,3,204.0,Sleman
3230000000,"Mlati, Sleman",3,3,153.0,Sleman
1800000000,"Ngaglik, Sleman",3,3,128.0,Sleman
1850000000,"Pakem, Sleman",2,2,683.0,Sleman
875000000,"Ngaglik, Sleman",8,2,100.0,Sleman
2040000000,"Gamping, Sleman",4,3,182.0,Sleman
1500000000,"Mlati, Sleman",4,3,156.0,Sleman
1400000000,"Maguwoharjo, Yogyakarta",3,2,174.0,Yogyakarta
6800000000,"Depok, Sleman",21,21,250.0,Sleman
2080000000,"Wates, Kulon Progo",4,3,186.0,Kulon Progo
5000000000,"Depok, Sleman",5,3,219.0,Sleman
1600000000,"Ngaglik, Sleman",4,2,127.0,Sleman
3000000000,"Ngaglik, Sleman",6,5,225.0,Sleman
2300000000,"Ngaglik, Sleman",4,4,140.0,Sleman
755000000,"Banguntapan, Bantul",2,1,101.0,Bantul
2000000000,"Mergangsan, Yogyakarta",5,2,393.0,Yogyakarta
1800000000,"Mlati, Sleman",10,4,123.0,Sleman
25000000000,"Pakualaman, Yogyakarta",9,9,429.0,Yogyakarta
2800000000,"Ngaglik, Sleman",10,10,137.0,Sleman
950000000,"Sleman, Sleman",4,4,90.0,Sleman
3100000000,"Sleman, Yogyakarta",7,4,225.0,Yogyakarta
1450000000,"Mantrijeron, Yogyakarta",3,2,110.0,Yogyakarta
790000000,"Banguntapan, Bantul",3,2,78.0,Bantul
598000000,"Berbah, Sleman",2,1,90.0,Sleman
2200000000,"Ngaglik, Sleman",6,4,976.0,Sleman
675000000,"Banguntapan, Bantul",2,1,85.0,Bantul
990000000,"Banguntapan, Bantul",2,2,109.0,Bantul
950000000,"Jetis, Bantul",5,5,110.0,Bantul
690000000,"Bantul, Bantul",3,2,77.0,Bantul
808000000,"Bantul, Bantul",3,2,79.0,Bantul
800000000,"Mlati, Sleman",3,2,140.0,Sleman
3100000000,"Kasihan, Bantul",5,3,146.0,Bantul
598000000,"Sleman, Sleman",2,1,90.0,Sleman
1700000000,"Sleman, Yogyakarta",3,2,135.0,Yogyakarta
205000000,"Kalasan, Sleman",1,1,60.0,Sleman
675000000,"Banguntapan, Bantul",2,1,85.0,Bantul
495000000,"Imogiri              , Bantul",3,1,141.0,Bantul
475000000,"Bantul, Bantul",3,2,101.0,Bantul
500000000,"Sewon, Bantul",2,1,97.0,Bantul
299000000,"Ngaglik, Sleman",2,1,88.0,Sleman
585000000,"Kalasan, Sleman",3,1,111.0,Sleman
250000000,"Ngaglik, Sleman",2,1,88.0,Sleman
1000000000,"Gamping, Sleman",7,3,112.0,Sleman
585000000,"Kalasan, Sleman",3,1,111.0,Sleman
590000000,"Mantrijeron, Yogyakarta",2,1,85.0,Yogyakarta
775000000,"Ngemplak, Sleman",3,2,113.0,Sleman
1250000000,"Sleman, Sleman",7,3,329.0,Sleman
775000000,"Ngemplak, Sleman",3,2,113.0,Sleman
2320000000,"Gamping, Sleman",4,3,213.0,Sleman
4250000000,"Mantrijeron, Yogyakarta",3,3,425.0,Yogyakarta
790000000,"Banguntapan, Bantul",3,2,75.0,Bantul
1400000000,"Maguwoharjo, Yogyakarta",3,2,205.0,Yogyakarta
800000000,"Sewon, Bantul",4,2,107.0,Bantul
950000000,"Kasihan, Bantul",3,2,150.0,Bantul
750000000,"Kasihan, Bantul",3,2,81.0,Bantul
2340000000,"Gamping, Sleman",4,3,184.0,Sleman
1700000000,"Banguntapan, Bantul",3,2,118.0,Bantul
2400000000,"Sleman, Yogyakarta",4,3,403.0,Yogyakarta
1100000000,"Depok, Sleman",3,2,187.0,Sleman
750000000,"Kasihan, Bantul",3,2,81.0,Bantul
950000000,"Banguntapan, Bantul",4,4,90.0,Bantul
1700000000,"Banguntapan, Bantul",3,2,118.0,Bantul
1300000000,"Ngaglik, Sleman",6,5,489.0,Sleman
405000000,"Gamping, Sleman",2,2,125.0,Sleman
950000000,"Banguntapan, Bantul",2,2,109.0,Bantul
800000000,"Sewon, Bantul",4,2,107.0,Bantul
598000000,"Berbah, Sleman",2,1,90.0,Sleman
950000000,"Banguntapan, Bantul",2,2,109.0,Bantul
1400000000,"Maguwoharjo, Yogyakarta",3,2,205.0,Yogyakarta
695000000,"Condong Catur, Sleman",2,2,100.0,Sleman
420000000,"Kalasan, Sleman",3,1,123.0,Sleman
1290000000,"Banguntapan, Bantul",4,3,99.0,Bantul
350000000,"Pajangan, Bantul",2,1,80.0,Bantul
250000000,"Jetis, Bantul",2,1,97.0,Bantul
270000000,"Wates, Kulon Progo",1,1,71.0,Kulon Progo
800000000,"Banguntapan, Bantul",3,1,75.0,Bantul
695000000,"Kaliurang, Sleman",2,2,100.0,Sleman
240000000,"Bantul, Bantul",2,1,45.0,Bantul
1290000000,"Banguntapan, Bantul",4,3,99.0,Bantul
270000000,"Sentolo, Kulon Progo",1,1,71.0,Kulon Progo
600000000,"Sleman, Sleman",3,1,100.0,Sleman
7700000000,"Sleman, Yogyakarta",4,3,289.0,Yogyakarta
695000000,"Kaliurang, Yogyakarta",2,2,100.0,Yogyakarta
20000000000,"Umbulharjo, Yogyakarta",47,47,2085.0,Yogyakarta
2800000000,"Condong Catur, Sleman",5,4,429.0,Sleman
790000000,"Ngaglik, Sleman",3,2,113.0,Sleman
295000000,"Kalasan, Sleman",2,1,125.0,Sleman
475000000,"Depok, Sleman",2,1,75.0,Sleman
780000000,"Ngaglik, Sleman",3,2,115.0,Sleman
1950000000,"Wirobrajan, Yogyakarta",3,2,168.0,Yogyakarta
465000000,"Kalasan, Sleman",2,1,132.0,Sleman
800000000,"Ngaglik, Sleman",3,2,107.0,Sleman
4700000000,"Ngaglik, Sleman",4,3,334.0,Sleman
750000000,"Sleman, Sleman",3,2,130.0,Sleman
2000000000,"Ngaglik, Sleman",10,10,205.0,Sleman
756000000,"Ngaglik, Sleman",2,1,95.0,Sleman
400000000,"Pajangan, Bantul",2,1,90.0,Bantul
1850000000,"Ngemplak, Sleman",3,2,116.0,Sleman
835000000,"Banguntapan, Bantul",3,2,102.0,Bantul
961000000,"Ngaglik, Sleman",3,3,107.0,Sleman
875000000,"Ngaglik, Sleman",3,2,107.0,Sleman
2790000000,"Mlati, Sleman",3,3,123.0,Sleman
1700000000,"Umbulharjo, Yogyakarta",4,3,200.0,Yogyakarta
1780000000,"Mlati, Sleman",3,3,160.0,Sleman
1550000000,"Ngaglik, Sleman",3,2,126.0,Sleman
2700000000,"Ngaglik, Sleman",3,4,110.0,Sleman
1300000000,"Ngaglik, Sleman",3,2,135.0,Sleman
1200000000,"Ngaglik, Sleman",3,2,124.0,Sleman
350000000,"Mlati, Sleman",2,2,67.0,Sleman
155000000,"Ngaglik, Sleman",2,1,88.0,Sleman
850000000,"Gondokusuman, Yogyakarta",3,1,87.0,Yogyakarta
1900000000,"Ngaglik, Sleman",4,3,130.0,Sleman
999000000,"Depok, Sleman",3,3,103.0,Sleman
4500000000,"Ngaglik, Sleman",5,4,365.0,Sleman
775000000,"Maguwoharjo, Yogyakarta",3,2,145.0,Yogyakarta
550000000,"Godean, Sleman",2,1,108.0,Sleman
595000000,"Mantrijeron, Yogyakarta",2,1,82.0,Yogyakarta
675000000,"Banguntapan, Bantul",3,2,99.0,Bantul
897000000,"Ngemplak, Sleman",3,2,107.0,Sleman
640000000,"Ngaglik, Sleman",2,1,91.0,Sleman
1100000000,"Umbulharjo, Yogyakarta",4,2,154.0,Yogyakarta
4500000000,"Wirobrajan, Yogyakarta",4,4,200.0,Yogyakarta
1470000000,"Maguwoharjo, Yogyakarta",4,3,178.0,Yogyakarta
4750000000,"Gondokusuman, Yogyakarta",4,4,309.0,Yogyakarta
1950000000,"Kasihan, Bantul",3,2,168.0,Bantul
1290000000,"Purwomartani   , Sleman",4,2,207.0,Sleman
1490000000,"Maguwoharjo, Yogyakarta",5,4,126.0,Yogyakarta
2500000000,"Kasihan, Bantul",3,3,352.0,Bantul
2500000000,"Kasihan, Bantul",3,3,352.0,Bantul
4900000000,"Ngaglik, Sleman",6,4,545.0,Sleman
350000000,"Cebongan, Sleman",2,2,67.0,Sleman
550000000,"Godean, Sleman",2,1,108.0,Sleman
1700000000,"Banguntapan, Bantul",3,2,118.0,Bantul
1100000000,"Ngaglik, Sleman",2,2,112.0,Sleman
3500000000,"Mlati, Sleman",13,13,215.0,Sleman
1000000000,"Gamping, Sleman",3,2,128.0,Sleman
515000000,"Kalasan, Sleman",2,1,95.0,Sleman
2750000000,"Depok, Sleman",4,5,150.0,Sleman
3490000000,"Ngaglik, Sleman",5,4,426.0,Sleman
730000000,"Purwomartani   , Sleman",3,2,100.0,Sleman
850000000,"Mlati, Sleman",8,6,139.0,Sleman
1750000000,"Ngaglik, Sleman",4,2,128.0,Sleman
1300000000,"Ngemplak, Sleman",4,3,96.0,Sleman
775000000,"Ngaglik, Sleman",2,1,136.0,Sleman
3000000000,"Caturtunggal, Sleman",11,7,242.0,Sleman
4500000000,"Mlati, Sleman",2,3,348.0,Sleman
675000000,"Kalasan, Sleman",2,1,128.0,Sleman
1350000000,"Banguntapan, Bantul",4,3,204.0,Bantul
1970000000,"Depok, Sleman",5,6,160.0,Sleman
850000000,"Depok, Sleman",3,3,98.0,Sleman
350000000,"Mlati, Sleman",3,2,54.0,Sleman
1300000000,"Kalasan, Sleman",5,3,125.0,Sleman
1250000000,"Ngaglik, Sleman",3,2,105.0,Sleman
410000000,"Banguntapan, Bantul",2,1,75.0,Bantul
665000000,"Mlati, Sleman",3,2,114.0,Sleman
1200000000,"Kalasan, Sleman",3,3,80.0,Sleman
2200000000,"Banguntapan, Bantul",5,3,241.0,Bantul
2100000000,"Gamping, Sleman",4,3,154.0,Sleman
399000000,"Sedayu, Bantul",2,1,83.0,Bantul
3000000000,"Kalasan, Sleman",5,3,466.0,Sleman
665000000,"Banguntapan, Bantul",3,1,97.0,Bantul
615000000,"Kalasan, Sleman",4,2,102.0,Sleman
575000000,"Kalasan, Sleman",3,2,104.0,Sleman
2000000000,"Ngaglik, Sleman",11,9,221.0,Sleman
2000000000,"Ngaglik, Sleman",3,3,125.0,Sleman
1650000000,"Ngaglik, Sleman",1,2,351.0,Sleman
1650000000,"Depok, Sleman",4,3,125.0,Sleman
1400000000,"Depok, Sleman",3,2,133.0,Sleman
1300000000,"Depok, Sleman",3,2,174.0,Sleman
3600000000,"Banguntapan, Bantul",5,5,416.0,Bantul
1650000000,"Gamping, Sleman",2,2,135.0,Sleman
1790000000,"Maguwoharjo, Yogyakarta",4,3,119.0,Yogyakarta
2700000000,"Tegalrejo, Yogyakarta",8,8,97.0,Yogyakarta
1700000000,"Banguntapan, Bantul",3,2,118.0,Bantul
1990000000,"Depok, Sleman",3,2,194.0,Sleman
1300000000,"Depok, Sleman",3,2,131.0,Sleman
2170000000,"Gamping, Sleman",4,3,200.0,Sleman
900000000,"Maguwoharjo, Yogyakarta",4,2,204.0,Yogyakarta
1790000000,"Maguwoharjo, Yogyakarta",4,3,119.0,Yogyakarta
1470000000,"Condong Catur, Sleman",4,3,146.0,Sleman
685000000,"Ngemplak, Sleman",3,2,120.0,Sleman
1850000000,"Ngemplak, Sleman",3,2,116.0,Sleman
2300000000,"Depok, Sleman",3,3,126.0,Sleman
2750000000,"Depok, Sleman",4,4,150.0,Sleman
800000000,"Sewon, Bantul",4,2,107.0,Bantul
825000000,"Umbulharjo, Yogyakarta",3,2,102.0,Yogyakarta
825000000,"Kalasan, Sleman",3,2,125.0,Sleman
1250000000,"Pogung, Yogyakarta",3,2,135.0,Yogyakarta
1800000000,"Banguntapan, Bantul",3,2,112.0,Bantul
950000000,"Umbulharjo, Yogyakarta",3,2,72.0,Yogyakarta
1100000000,"Kaliurang, Sleman",3,2,213.0,Sleman
1700000000,"Depok, Sleman",4,5,111.0,Sleman
640000000,"Sleman, Sleman",2,1,95.0,Sleman
2049999999,"Depok, Sleman",4,4,160.0,Sleman
1950000000,"Wirobrajan, Yogyakarta",3,2,170.0,Yogyakarta
235000000,"Kalasan, Sleman",2,1,70.0,Sleman
1800000000,"Depok, Sleman",20,20,217.0,Sleman
525000000,"Sewon, Bantul",3,1,112.0,Bantul
925000000,"Mlati, Sleman",2,1,101.0,Sleman
520000000,"Gedong Tengen, Yogyakarta",2,1,90.0,Yogyakarta
650000000,"Plered, Bantul",3,2,126.0,Bantul
1900000000,"Ngaglik, Sleman",4,4,110.0,Sleman
10500000000,"Condong Catur, Sleman",26,28,1000.0,Sleman
575000000,"Godean, Sleman",3,3,80.0,Sleman
975000000,"Mlati, Sleman",3,2,128.0,Sleman
435000000,"Gamping, Sleman",2,1,101.0,Sleman
550000000,"Ngaglik, Sleman",3,2,123.0,Sleman
270000000,"Prambanan, Sleman",2,1,61.0,Sleman
4300000000,"Gondokusuman, Yogyakarta",5,2,782.0,Yogyakarta
475000000,"Kasihan, Bantul",3,1,93.0,Bantul
580000000,"Kotagede, Yogyakarta",2,1,66.0,Yogyakarta
975000000,"Ngaglik, Sleman",3,2,121.0,Sleman
675000000,"Bantul, Yogyakarta",2,1,85.0,Yogyakarta
765000000,"Purwomartani   , Sleman",3,2,118.0,Sleman
4500000000,"Ngaglik, Sleman",3,3,584.0,Sleman
890000000,"Banguntapan, Bantul",3,2,85.0,Bantul
675000000,"Ngaglik, Sleman",2,1,121.0,Sleman
4500000000,"Ngaglik, Sleman",6,4,334.0,Sleman
2350000000,"Tegalrejo, Yogyakarta",3,2,213.0,Yogyakarta
2350000000,"Wirobrajan, Yogyakarta",4,3,184.0,Yogyakarta
999000000,"Ngaglik, Sleman",3,4,103.0,Sleman
2500000000,"Depok, Sleman",4,3,957.0,Sleman
350000000,"Gondomanan, Yogyakarta",2,1,104.0,Yogyakarta
730000000,"Purwomartani   , Sleman",3,2,100.0,Sleman
1300000000,"Ngaglik, Sleman",3,2,134.0,Sleman
1500000000,"Wirobrajan, Yogyakarta",3,2,148.0,Yogyakarta
1350000000,"Wirobrajan, Yogyakarta",6,3,271.0,Yogyakarta
1250000000,"Depok, Sleman",3,2,200.0,Sleman
1500000000,"Kalasan, Sleman",5,3,158.0,Sleman
1100000000,"Depok, Sleman",3,2,160.0,Sleman
592000000,"Ngaglik, Sleman",2,1,104.0,Sleman
2650000000,"Gondokusuman, Yogyakarta",4,3,189.0,Yogyakarta
720000000,"Pogung, Yogyakarta",2,1,126.0,Yogyakarta
9500000000,"Pogung, Yogyakarta",4,3,1059.0,Yogyakarta
1900000000,"Maguwoharjo, Yogyakarta",5,5,166.0,Yogyakarta
28000000000,"Demangan, Yogyakarta",6,3,998.0,Yogyakarta
500000000,"Kasihan, Bantul",2,1,88.0,Bantul
1850000000,"Mlati, Sleman",3,3,102.0,Sleman
2750000000,"Wirobrajan, Yogyakarta",2,3,579.0,Yogyakarta
3500000000,"Demangan, Yogyakarta",6,3,341.0,Yogyakarta
2000000000,"Tegalrejo, Yogyakarta",3,2,167.0,Yogyakarta
695000000,"Kaliurang, Yogyakarta",3,2,88.0,Yogyakarta
5000000000,"Wirobrajan, Yogyakarta",7,3,581.0,Yogyakarta
725000000,"Mlati, Sleman",3,2,114.0,Sleman
450000000,"Sewon, Bantul",2,1,75.0,Bantul
3300000000,"Ngaglik, Sleman",5,5,254.0,Sleman
16000000000,"Seturan, Yogyakarta",5,6,735.0,Yogyakarta
520000000,"Sayegan, Sleman",2,1,90.0,Sleman
1500000000,"Gondokusuman, Yogyakarta",5,3,185.0,Yogyakarta
10000000000,"Seturan, Yogyakarta",22,22,405.0,Yogyakarta
670000000,"Jetis, Yogyakarta",3,2,136.0,Yogyakarta
950000000,"Umbulharjo, Yogyakarta",11,3,100.0,Yogyakarta
980000000,"Umbulharjo, Yogyakarta",6,6,100.0,Yogyakarta
1950000000,"Condong Catur, Sleman",7,5,249.0,Sleman
1950000000,"Ngaglik, Sleman",11,11,150.0,Sleman
1400000000,"Sewon, Bantul",12,12,150.0,Bantul
450000000,"Godean, Sleman",2,1,82.0,Sleman
2300000000,"Banguntapan, Bantul",11,11,562.0,Bantul
4500000000,"Mlati, Sleman",13,13,251.0,Sleman
1450000000,"Umbulharjo, Yogyakarta",6,7,150.0,Yogyakarta
450000000,"Jetis, Yogyakarta",2,1,82.0,Yogyakarta
5700000000,"Condong Catur, Sleman",7,8,482.0,Sleman
2390000000,"Mlati, Sleman",3,3,110.0,Sleman
3500000000,"Tegalrejo, Yogyakarta",10,9,195.0,Yogyakarta
3600000000,"Seturan, Yogyakarta",12,12,119.0,Yogyakarta
12000000000,"Ngaglik, Sleman",36,36,644.0,Sleman
1720000000,"Ngaglik, Sleman",3,2,96.0,Sleman
2500000000,"Purwomartani   , Sleman",10,10,561.0,Sleman
900000000,"Umbulharjo, Yogyakarta",16,5,170.0,Yogyakarta
6500000000,"Mlati, Sleman",18,18,210.0,Sleman
950000000,"Condong Catur, Sleman",3,2,120.0,Sleman
2800000000,"Depok, Sleman",3,2,129.0,Sleman
790000000,"Umbulharjo, Yogyakarta",3,2,75.0,Yogyakarta
1600000000,"Mergangsan, Yogyakarta",12,12,425.0,Yogyakarta
8100000000,"Pogung, Yogyakarta",30,30,288.0,Yogyakarta
235000000,"Gondomanan, Yogyakarta",2,1,73.0,Yogyakarta
1600000000,"Mergangsan, Yogyakarta",12,12,425.0,Yogyakarta
675000000,"Banguntapan, Bantul",2,1,85.0,Bantul
1800000000,"Mlati, Sleman",3,3,100.0,Sleman
850000000,"Berbah, Sleman",2,1,125.0,Sleman
499000000,"Tempel, Sleman",2,1,120.0,Sleman
533000000,"Mlati, Sleman",2,1,127.0,Sleman
890000000,"Banguntapan, Bantul",3,2,85.0,Bantul
910000000,"Sleman, Sleman",4,2,106.0,Sleman
2500000000,"Ngaglik, Sleman",3,3,170.0,Sleman
2750000000,"Depok, Sleman",5,5,226.0,Sleman
2200000000,"Ngaglik, Sleman",5,4,150.0,Sleman
3200000000,"Ngaglik, Sleman",4,2,186.0,Sleman
3000000000,"Ngaglik, Sleman",4,3,216.0,Sleman
2800000000,"Tegalrejo, Yogyakarta",6,6,144.0,Yogyakarta
2250000000,"Bantul, Bantul",5,4,217.0,Bantul
2360000000,"Gamping, Sleman",4,3,182.0,Sleman
2350000000,"Wirobrajan, Yogyakarta",4,3,184.0,Yogyakarta
475000000,"Berbah, Sleman",3,1,85.0,Sleman
375000000,"Kalasan, Sleman",2,1,72.0,Sleman
278000000,"Sentolo, Kulon Progo",2,1,71.0,Kulon Progo
949000000,"Berbah, Sleman",4,4,90.0,Sleman
2000000000,"Depok, Sleman",6,4,363.0,Sleman
2000000000,"Gamping, Sleman",3,2,210.0,Sleman
2000000000,"Depok, Sleman",4,3,134.0,Sleman
2000000000,"Depok, Sleman",4,3,158.0,Sleman
2000000000,"Banguntapan, Bantul",6,5,288.0,Bantul
1700000000,"Gamping, Sleman",3,1,223.0,Sleman
1750000000,"Ngaglik, Sleman",4,3,163.0,Sleman
1700000000,"Gamping, Sleman",4,3,110.0,Sleman
1600000000,"Depok, Sleman",3,2,104.0,Sleman
1800000000,"Depok, Sleman",3,2,164.0,Sleman
999000000,"Maguwoharjo, Yogyakarta",3,3,103.0,Yogyakarta
725000000,"Jetis, Yogyakarta",3,2,114.0,Yogyakarta
999000000,"Depok, Sleman",3,3,103.0,Sleman
1600000000,"Condong Catur, Sleman",3,3,146.0,Sleman
750000000,"Sidoarum         , Sleman",3,2,102.0,Sleman
999000000,"Ngemplak, Sleman",3,3,103.0,Sleman
725000000,"Gondokusuman, Yogyakarta",3,2,114.0,Yogyakarta
999000000,"Demangan, Yogyakarta",4,4,103.0,Yogyakarta
1300000000,"Kalasan, Sleman",2,1,320.0,Sleman
1300000000,"Ngaglik, Sleman",5,6,320.0,Sleman
1480000000,"Ngaglik, Sleman",2,1,93.0,Sleman
6850000000,"Caturtunggal, Sleman",16,16,866.0,Sleman
950000000,"Gamping, Sleman",3,2,115.0,Sleman
1500000000,"Gamping, Sleman",3,2,112.0,Sleman
690000000,"Sewon, Bantul",3,1,138.0,Bantul
1900000000,"Sewon, Bantul",3,2,143.0,Bantul
2400000000,"Maguwoharjo, Yogyakarta",5,5,123.0,Yogyakarta
255000000,"Ngemplak, Sleman",2,1,73.0,Sleman
235000000,"Prambanan, Sleman",2,1,73.0,Sleman
1700000000,"Tempel, Sleman",6,3,500.0,Sleman
1100000000,"Banguntapan, Bantul",3,3,112.0,Bantul
1950000000,"Depok, Sleman",3,3,188.0,Sleman
690000000,"Sewon, Bantul",3,1,138.0,Bantul
890000000,"Sleman, Sleman",3,2,107.0,Sleman
610000000,"Kasihan, Bantul",2,1,90.0,Bantul
1950000000,"Depok, Sleman",3,2,128.0,Sleman
615000000,"Sleman, Sleman",3,1,167.0,Sleman
3100000000,"Ngaglik, Sleman",13,13,223.0,Sleman
785000000,"Gamping, Sleman",2,2,96.0,Sleman
400000000,"Kasihan, Bantul",2,1,80.0,Bantul
610000000,"Kasihan, Bantul",2,1,90.0,Bantul
2800000000,"Depok, Sleman",3,3,105.0,Sleman
5000000000,"Ngaglik, Sleman",4,4,193.0,Sleman
3200000000,"Mlati, Sleman",4,3,143.0,Sleman
1100000000,"Depok, Sleman",3,2,160.0,Sleman
350000000,"Sewon, Bantul",2,1,75.0,Bantul
1400000000,"Depok, Sleman",3,2,174.0,Sleman
435000000,"Gamping, Sleman",2,1,101.0,Sleman
357000000,"Prambanan, Sleman",2,1,99.0,Sleman
725000000,"Purwomartani   , Sleman",3,2,87.0,Sleman
961000000,"Ngaglik, Sleman",3,3,107.0,Sleman
750000000,"Ngaglik, Sleman",2,1,111.0,Sleman
5300000000,"Gedong Tengen, Yogyakarta",7,4,369.0,Yogyakarta
4500000000,"Mlati, Sleman",4,2,410.0,Sleman
560000000,"Kalasan, Sleman",2,2,104.0,Sleman
665000000,"Kalasan, Sleman",3,2,125.0,Sleman
7700000000,"Sleman, Sleman",4,3,289.0,Sleman
1400000000,"Depok, Sleman",3,2,205.0,Sleman
680000000,"Umbulharjo, Yogyakarta",2,1,68.0,Yogyakarta
595000000,"Banguntapan, Bantul",3,1,90.0,Bantul
1500000000,"Ngemplak, Sleman",3,3,150.0,Sleman
750000000,"Sleman, Sleman",3,2,130.0,Sleman
664000000,"Kaliurang, Yogyakarta",5,3,166.0,Yogyakarta
1690000000,"Ngaglik, Sleman",3,3,150.0,Sleman
2540000000,"Maguwoharjo, Yogyakarta",4,4,175.0,Yogyakarta
750000000,"Depok, Sleman",3,1,103.0,Sleman
475000000,"Ngaglik, Sleman",2,1,104.0,Sleman
5500000000,"Kalasan, Sleman",10,11,586.0,Sleman
2300000000,"Depok, Sleman",3,3,126.0,Sleman
299000000,"Ngaglik, Sleman",2,1,88.0,Sleman
2500000000,"Ngemplak, Sleman",4,4,339.0,Sleman
2400000000,"Sleman, Sleman",4,3,187.0,Sleman
3100000000,"Depok, Sleman",3,3,120.0,Sleman
2360000000,"Sleman, Sleman",4,3,182.0,Sleman
910000000,"Sleman, Sleman",4,2,106.0,Sleman
2480000000,"Sleman, Sleman",4,3,196.0,Sleman
2540000000,"Sleman, Sleman",4,3,200.0,Sleman
2400000000,"Sleman, Sleman",4,3,187.0,Sleman
2460000000,"Sleman, Sleman",4,3,196.0,Sleman
2430000000,"Sleman, Sleman",4,3,192.0,Sleman
8000000000,"Ngaglik, Sleman",7,6,400.0,Sleman
4650000000,"Ngaglik, Sleman",5,4,180.0,Sleman
4400000000,"Umbulharjo, Yogyakarta",7,5,525.0,Yogyakarta
2500000000,"Kraton, Yogyakarta",6,3,393.0,Yogyakarta
2400000000,"Ngaglik, Sleman",3,2,238.0,Sleman
1900000000,"Wirobrajan, Yogyakarta",5,1,250.0,Yogyakarta
1300000000,"Umbulharjo, Yogyakarta",2,2,134.0,Yogyakarta
1300000000,"Depok, Sleman",4,3,144.0,Sleman
850000000,"Sleman, Sleman",2,1,105.0,Sleman
299000000,"Ngaglik, Sleman",2,1,88.0,Sleman
1780000000,"Maguwoharjo, Yogyakarta",4,3,118.0,Yogyakarta
299000000,"Ngaglik, Sleman",2,1,88.0,Sleman
499000000,"Gamping, Sleman",2,1,141.0,Sleman
660000000,"Sedayu, Bantul",2,1,96.0,Bantul
750000000,"Sleman, Yogyakarta",3,2,120.0,Yogyakarta
300000000,"Jetis, Bantul",2,1,66.0,Bantul
1450000000,"Godean, Sleman",3,3,100.0,Sleman
750000000,"Ngaglik, Sleman",3,2,125.0,Sleman
395000000,"Sedayu, Bantul",2,1,72.0,Bantul
593000000,"Ngaglik, Sleman",2,1,76.0,Sleman
1870000000,"Berbah, Sleman",3,2,150.0,Sleman
1490000000,"Maguwoharjo, Yogyakarta",5,3,115.0,Yogyakarta
2600000000,"Pogung, Yogyakarta",4,3,190.0,Yogyakarta
875000000,"Kaliurang, Sleman",3,1,99.0,Sleman
250000000,"Ngaglik, Sleman",2,1,88.0,Sleman
580000000,"Kotagede, Yogyakarta",2,1,66.0,Yogyakarta
2600000000,"Godean, Sleman",3,2,200.0,Sleman
3200000000,"Ngaglik, Sleman",3,2,252.0,Sleman
1480000000,"Sleman, Sleman",3,2,125.0,Sleman
690000000,"Bantul, Bantul",3,2,77.0,Bantul
1820000000,"Wirobrajan, Yogyakarta",3,2,140.0,Yogyakarta
730000000,"Purwomartani   , Sleman",3,2,100.0,Sleman
808000000,"Plered, Bantul",3,2,78.0,Bantul
675000000,"Plered, Bantul",2,1,85.0,Bantul
2250000000,"Ngaglik, Sleman",10,10,230.0,Sleman
690000000,"Bantul, Bantul",3,2,77.0,Bantul
750000000,"Depok, Sleman",3,1,61.0,Sleman
850000000,"Umbulharjo, Yogyakarta",2,1,90.0,Yogyakarta
1800000000,"Ngemplak, Sleman",4,2,168.0,Sleman
3500000000,"Banguntapan, Bantul",4,2,280.0,Bantul
1100000000,"Mantrijeron, Yogyakarta",1,1,149.0,Yogyakarta
3500000000,"Depok, Sleman",12,12,119.0,Sleman
1780000000,"Banguntapan, Bantul",4,3,118.0,Bantul
1780000000,"Banguntapan, Bantul",4,3,118.0,Bantul
850000000,"Ngaglik, Sleman",3,2,107.0,Sleman
2530000000,"Maguwoharjo, Yogyakarta",4,3,175.0,Yogyakarta
375000000,"Kalasan, Sleman",2,1,72.0,Sleman
1450000000,"Maguwoharjo, Yogyakarta",4,3,125.0,Yogyakarta
1340000000,"Maguwoharjo, Yogyakarta",3,2,103.0,Yogyakarta
375000000,"Kalasan, Sleman",2,1,72.0,Sleman
2560000000,"Maguwoharjo, Yogyakarta",5,4,179.0,Yogyakarta
1380000000,"Sleman, Sleman",3,2,107.0,Sleman
1700000000,"Banguntapan, Bantul",3,2,118.0,Bantul
1650000000,"Depok, Sleman",3,3,130.0,Sleman
520000000,"Mlati, Sleman",2,1,90.0,Sleman
1290000000,"Banguntapan, Bantul",4,3,99.0,Bantul
1290000000,"Banguntapan, Bantul",4,3,99.0,Bantul
645000000,"Banguntapan, Bantul",3,1,93.0,Bantul
645000000,"Banguntapan, Bantul",3,1,93.0,Bantul
235000000,"Berbah, Sleman",2,1,73.0,Sleman
1450000000,"Depok, Sleman",3,3,110.0,Sleman
3500000000,"Mlati, Sleman",13,13,215.0,Sleman
1820000000,"Kasihan, Bantul",3,2,140.0,Bantul
1290000000,"Banguntapan, Bantul",4,3,99.0,Bantul
1290000000,"Banguntapan, Bantul",4,3,99.0,Bantul
1290000000,"Banguntapan, Bantul",4,3,99.0,Bantul
1290000000,"Banguntapan, Bantul",4,3,99.0,Bantul
5000000000,"Ngaglik, Sleman",4,4,193.0,Sleman
592000000,"Mlati, Sleman",2,1,104.0,Sleman
2360000000,"Sleman, Sleman",4,3,182.0,Sleman
2700000000,"Sleman, Yogyakarta",4,3,213.0,Yogyakarta
1450000000,"Wirobrajan, Yogyakarta",3,3,110.0,Yogyakarta
775000000,"Purwomartani   , Sleman",3,2,145.0,Sleman
520000000,"Sayegan, Sleman",2,1,90.0,Sleman
685000000,"Ngemplak, Sleman",3,2,120.0,Sleman
1850000000,"Ngemplak, Sleman",2,2,405.0,Sleman
3200000000,"Maguwoharjo, Yogyakarta",5,4,225.0,Yogyakarta
775000000,"Kalasan, Sleman",3,2,145.0,Sleman
775000000,"Kalasan, Sleman",3,2,145.0,Sleman
775000000,"Kalasan, Sleman",3,2,145.0,Sleman
775000000,"Kalasan, Sleman",3,2,145.0,Sleman
999000000,"Ngaglik, Sleman",3,3,103.0,Sleman
750000000,"Purwomartani   , Sleman",3,2,114.0,Sleman
195000000,"Berbah, Sleman",1,1,60.0,Sleman
195000000,"Kalasan, Sleman",2,1,60.0,Sleman
270000000,"Nanggulan, Kulon Progo",1,1,71.0,Kulon Progo
725000000,"Purwomartani   , Sleman",3,2,87.0,Sleman
9600000000,"Caturtunggal, Sleman",14,14,662.0,Sleman
227000000,"Ngaglik, Sleman",2,1,60.0,Sleman
275000000,"Sedayu, Bantul",2,1,70.0,Bantul
270000000,"Kulonprogo, Kulon Progo",1,1,71.0,Kulon Progo
2430000000,"Sleman, Sleman",4,3,196.0,Sleman
2450000000,"Sleman, Sleman",4,3,187.0,Sleman
155000000,"Ngaglik, Sleman",2,1,88.0,Sleman
2900000000,"Sleman, Yogyakarta",4,3,189.0,Yogyakarta
1450000000,"Ngaglik, Sleman",3,3,105.0,Sleman
1250000000,"Ngaglik, Sleman",3,2,161.0,Sleman
270000000,"Wates, Kulon Progo",2,1,71.0,Kulon Progo
699000000,"Ngemplak, Sleman",3,2,120.0,Sleman
699000000,"Ngemplak, Sleman",3,2,120.0,Sleman
699000000,"Ngemplak, Sleman",3,2,120.0,Sleman
585000000,"Kalasan, Sleman",3,1,111.0,Sleman
278000000,"Sentolo, Kulon Progo",2,1,71.0,Kulon Progo
270000000,"Wates, Kulon Progo",1,1,71.0,Kulon Progo
4750000000,"Sleman, Yogyakarta",5,5,267.0,Yogyakarta
379000000,"Ngaglik, Sleman",2,1,94.0,Sleman
12000000000,"Sleman, Yogyakarta",29,2,787.0,Yogyakarta
2250000000,"Gamping, Sleman",4,3,183.0,Sleman
735000000,"Maguwoharjo, Yogyakarta",3,2,105.0,Yogyakarta
270000000,"Sentolo, Kulon Progo",1,1,71.0,Kulon Progo
375000000,"Kalasan, Sleman",2,1,72.0,Sleman
705000000,"Ngemplak, Sleman",3,2,120.0,Sleman
4300000000,"Ngaglik, Sleman",4,3,280.0,Sleman
1290000000,"Banguntapan, Bantul",4,3,99.0,Bantul
166000000,"Prambanan, Sleman",2,1,60.0,Sleman
775000000,"Purwomartani   , Sleman",3,2,145.0,Sleman
1350000000,"Ngaglik, Sleman",3,3,106.0,Sleman
425000000,"Kasihan, Bantul",2,1,107.0,Bantul
425000000,"Kasihan, Bantul",2,2,107.0,Bantul
425000000,"Kasihan, Bantul",2,2,107.0,Bantul
6800000000,"Caturtunggal, Sleman",6,3,407.0,Sleman
1370000000,"Maguwoharjo, Yogyakarta",4,3,183.0,Yogyakarta
4530000000,"Depok, Sleman",3,3,200.0,Sleman
299000000,"Ngaglik, Sleman",2,1,88.0,Sleman
689000000,"Ngemplak, Sleman",3,2,120.0,Sleman
2000000000,"Ngaglik, Sleman",3,3,125.0,Sleman
1500000000,"Gamping, Sleman",3,3,125.0,Sleman
450000000,"Gamping, Sleman",2,1,83.0,Sleman
425000000,"Kasihan, Bantul",2,2,107.0,Bantul
2680000000,"Ngaglik, Sleman",4,4,127.0,Sleman
575000000,"Sleman, Sleman",3,1,100.0,Sleman
1800000000,"Jetis, Bantul",4,5,500.0,Bantul
435000000,"Bantul, Bantul",2,1,90.0,Bantul
4800000000,"Gamping, Sleman",7,8,223.0,Sleman
399000000,"Minggir, Sleman",2,1,100.0,Sleman
2660000000,"Mlati, Sleman",13,3,532.0,Sleman
410000000,"Bantul, Bantul",2,1,80.0,Bantul
2160000000,"Sewon, Bantul",17,4,304.0,Bantul
335000000,"Bantul, Bantul",2,1,60.0,Bantul
260000000,"Pajangan, Bantul",2,1,88.0,Bantul
757000000,"Ngemplak, Sleman",2,1,95.0,Sleman
2500000000,"Kraton, Yogyakarta",3,3,247.0,Yogyakarta
425000000,"Kasihan, Bantul",2,2,107.0,Bantul
897000000,"Depok, Sleman",3,2,107.0,Sleman
850000000,"Sleman, Yogyakarta",2,2,98.0,Yogyakarta
930000000,"Sleman, Yogyakarta",4,5,211.0,Yogyakarta
650000000,"Sleman, Yogyakarta",3,2,98.0,Yogyakarta
760000000,"Sleman, Yogyakarta",4,2,132.0,Yogyakarta
1800000000,"Purwomartani   , Sleman",3,2,120.0,Sleman
985000000,"Sleman, Yogyakarta",2,2,125.0,Yogyakarta
875000000,"Godean, Sleman",3,2,133.0,Sleman
595000000,"Mlati, Sleman",2,1,91.0,Sleman
800000000,"Sewon, Bantul",4,2,107.0,Bantul
800000000,"Mantrijeron, Yogyakarta",4,2,107.0,Yogyakarta
550000000,"Banguntapan, Bantul",6,3,94.0,Bantul
6900000000,"Ngaglik, Sleman",4,3,843.0,Sleman
550000000,"Banguntapan, Bantul",6,3,94.0,Bantul
2900000000,"Depok, Sleman",15,15,140.0,Sleman
275000000,"Gondokusuman, Yogyakarta",2,1,61.0,Yogyakarta
1500000000,"Gamping, Sleman",5,4,144.0,Sleman
899000000,"Banguntapan, Bantul",3,4,100.0,Bantul
630000000,"Godean, Sleman",3,2,104.0,Sleman
2700000000,"Pakem, Sleman",1,4,644.0,Sleman
900000000,"Banguntapan, Bantul",3,4,98.0,Bantul
454000000,"Kasihan, Bantul",2,1,112.0,Bantul
1940000000,"Mlati, Sleman",3,3,102.0,Sleman
278000000,"Wirobrajan, Yogyakarta",2,1,71.0,Yogyakarta
1450000000,"Ngaglik, Sleman",3,3,105.0,Sleman
450000000,"Godean, Sleman",2,1,82.0,Sleman
430000000,"Prambanan, Sleman",2,1,68.0,Sleman
4500000000,"Depok, Sleman",13,13,235.0,Sleman
585000000,"Kalasan, Sleman",3,1,111.0,Sleman
5000000000,"Ngaglik, Sleman",4,4,193.0,Sleman
3500000000,"Ngaglik, Sleman",14,13,215.0,Sleman
1790000000,"Gamping, Sleman",3,2,108.0,Sleman
665000000,"Kalasan, Sleman",3,2,120.0,Sleman
900000000,"Ngaglik, Sleman",3,2,128.0,Sleman
1780000000,"Depok, Sleman",4,3,118.0,Sleman
500000000,"Kalasan, Sleman",3,2,104.0,Sleman
580000000,"Ngaglik, Sleman",2,1,98.0,Sleman
1080000000,"Ngaglik, Sleman",3,3,85.0,Sleman
278000000,"Gamping, Sleman",2,1,71.0,Sleman
1700000000,"Umbulharjo, Yogyakarta",4,3,200.0,Yogyakarta
890000000,"Ngemplak, Sleman",5,2,142.0,Sleman
890000000,"Ngemplak, Sleman",5,2,142.0,Sleman
760000000,"Ngemplak, Sleman",4,2,132.0,Sleman
760000000,"Ngemplak, Sleman",4,2,132.0,Sleman
699000000,"Ngemplak, Sleman",3,2,120.0,Sleman
699000000,"Ngemplak, Sleman",3,2,120.0,Sleman
945000000,"Ngaglik, Sleman",3,2,145.0,Sleman
945000000,"Ngaglik, Sleman",3,2,145.0,Sleman
675000000,"Kalasan, Sleman",3,2,125.0,Sleman
675000000,"Kalasan, Sleman",3,2,125.0,Sleman
550000000,"Kaliurang, Sleman",4,2,116.0,Sleman
2500000000,"Ngaglik, Sleman",4,3,169.0,Sleman
2200000000,"Banguntapan, Bantul",5,2,255.0,Bantul
875000000,"Ngemplak, Sleman",4,2,139.0,Sleman
1250000000,"Sleman, Sleman",3,2,90.0,Sleman
525000000,"Sewon, Bantul",3,1,112.0,Bantul
3900000000,"Ngaglik, Sleman",5,3,203.0,Sleman
1750000000,"Kraton, Yogyakarta",5,6,347.0,Yogyakarta
550000000,"Banguntapan, Bantul",6,3,94.0,Bantul
1200000000,"Sedayu, Bantul",3,3,101.0,Bantul
15500000000,"Gondomanan, Yogyakarta",22,22,895.0,Yogyakarta
850000000,"Ngaglik, Sleman",3,1,99.0,Sleman
1290000000,"Mlati, Sleman",3,2,100.0,Sleman
750000000,"Purwomartani   , Sleman",4,2,114.0,Sleman
575000000,"Purwomartani   , Sleman",3,2,100.0,Sleman
799000000,"Ngemplak, Sleman",4,2,110.0,Sleman
590000000,"Purwomartani   , Sleman",3,2,88.0,Sleman
495000000,"Ngemplak, Sleman",2,1,72.0,Sleman
69000000,"Maguwoharjo, Yogyakarta",3,2,120.0,Yogyakarta
495000000,"Jetis, Bantul",3,1,50.0,Bantul
200000000,"Moyudan, Sleman",2,1,60.0,Sleman
265000000,"Kasihan, Bantul",2,1,60.0,Bantul
529000000,"Plered, Bantul",2,1,110.0,Bantul
789000000,"Plered, Bantul",3,2,75.0,Bantul
550000000,"Tempel, Sleman",2,1,104.0,Sleman
2600000000,"Condong Catur, Sleman",4,5,150.0,Sleman
2100000000,"Wirobrajan, Yogyakarta",4,3,200.0,Yogyakarta
810000000,"Godean, Sleman",3,2,106.0,Sleman
1650000000,"Ngaglik, Sleman",3,3,230.0,Sleman
650000000,"Kasihan, Bantul",3,1,114.0,Bantul
1940000000,"Mlati, Sleman",3,3,102.0,Sleman
690000000,"Maguwoharjo, Yogyakarta",3,2,97.0,Yogyakarta
565000000,"Kasihan, Bantul",3,1,152.0,Bantul
1400000000,"Umbulharjo, Yogyakarta",3,2,134.0,Yogyakarta
700000000,"Kalasan, Sleman",3,1,108.0,Sleman
1400000000,"Kasihan, Bantul",2,1,121.0,Bantul
650000000,"Kasihan, Bantul",2,1,84.0,Bantul
2250000000,"Sayegan, Sleman",5,2,732.0,Sleman
890000000,"Kotagede, Yogyakarta",3,2,85.0,Yogyakarta
2430000000,"Sleman, Sleman",4,3,192.0,Sleman
2400000000,"Sleman, Sleman",4,3,187.0,Sleman
2490000000,"Sleman, Sleman",4,3,200.0,Sleman
550000000,"Banguntapan, Bantul",6,3,92.0,Bantul
2400000000,"Sleman, Sleman",4,3,182.0,Sleman
2650000000,"Sleman, Sleman",4,3,213.0,Sleman
675000000,"Kotagede, Yogyakarta",2,1,85.0,Yogyakarta
155000000,"Ngaglik, Sleman",2,1,88.0,Sleman
954000000,"Sedayu, Bantul",2,1,115.0,Bantul
835000000,"Banguntapan, Bantul",3,2,102.0,Bantul
397000000,"Sleman, Sleman",2,1,101.0,Sleman
1300000000,"Turi, Sleman",3,3,407.0,Sleman
1200000000,"Purwomartani   , Sleman",3,3,90.0,Sleman
1650000000,"Kasihan, Bantul",3,2,154.0,Bantul
227000000,"Maguwoharjo, Yogyakarta",2,1,60.0,Yogyakarta
1850000000,"Ngemplak, Sleman",3,2,116.0,Sleman
550000000,"Banguntapan, Bantul",6,3,94.0,Bantul
325000000,"Bantul, Bantul",2,1,74.0,Bantul
475000000,"Sedayu, Bantul",2,1,78.0,Bantul
650000000,"Sedayu, Bantul",2,1,85.0,Bantul
455000000,"Sedayu, Bantul",2,1,45.0,Bantul
795000000,"Gamping, Sleman",3,2,141.0,Sleman
12000000000,"Maguwoharjo, Yogyakarta",49,49,926.0,Yogyakarta
1290000000,"Banguntapan, Bantul",4,3,99.0,Bantul
1300000000,"Godean, Sleman",3,3,77.0,Sleman
2130000000,"Mlati, Sleman",3,2,111.0,Sleman
4490000000,"Mlati, Sleman",3,3,260.0,Sleman
3370000000,"Mlati, Sleman",3,3,166.0,Sleman
2390000000,"Mlati, Sleman",4,4,110.0,Sleman
685000000,"Sleman, Sleman",3,2,100.0,Sleman
3300000000,"Ngaglik, Sleman",3,2,148.0,Sleman
1290000000,"Banguntapan, Bantul",4,3,99.0,Bantul
885000000,"Ngemplak, Sleman",4,2,142.0,Sleman
1720000000,"Ngaglik, Sleman",3,2,93.0,Sleman
270000000,"Condong Catur, Sleman",2,1,61.0,Sleman
675000000,"Bantul, Yogyakarta",2,1,85.0,Yogyakarta
260000000,"Gamping, Sleman",2,1,71.0,Sleman
885000000,"Ngemplak, Sleman",4,2,142.0,Sleman
255000000,"Danurejan, Yogyakarta",1,2,62.0,Yogyakarta
195000000,"Seturan, Yogyakarta",1,1,60.0,Yogyakarta
80000000,"Seturan, Yogyakarta",3,2,84.0,Yogyakarta
790000000,"Bantul, Bantul",3,2,77.0,Bantul
549000000,"Ngaglik, Sleman",2,1,90.0,Sleman
585000000,"Gamping, Sleman",2,1,80.0,Sleman
1700000000,"Ngaglik, Sleman",3,3,96.0,Sleman
1500000000,"Depok, Sleman",5,3,115.0,Sleman
280000000,"Wonosari, Gunung Kidul",2,1,100.0,Gunung Kidul
4099999999,"Kaliurang, Sleman",2,2,1640.0,Sleman
350000000,"Moyudan, Sleman",2,1,103.0,Sleman
2970000000,"Ngaglik, Sleman",12,12,210.0,Sleman
598000000,"Berbah, Sleman",2,1,90.0,Sleman
675000000,"Bantul, Bantul",2,1,85.0,Bantul
1450000000,"Tegalrejo, Yogyakarta",2,2,72.0,Yogyakarta
480000000,"Kasihan, Bantul",3,1,98.0,Bantul
1950000000,"Depok, Sleman",3,3,128.0,Sleman
2200000000,"Depok, Sleman",3,3,139.0,Sleman
690000000,"Bantul, Bantul",3,2,76.0,Bantul
1800000000,"Banguntapan, Bantul",3,2,150.0,Bantul
850000000,"Depok, Sleman",3,2,100.0,Sleman
5500000000,"Mlati, Sleman",4,3,210.0,Sleman
556000000,"Berbah, Sleman",2,1,84.0,Sleman
1820000000,"Depok, Sleman",3,3,110.0,Sleman
1300000000,"Ngaglik, Sleman",5,6,320.0,Sleman
1390000000,"Ngaglik, Sleman",3,2,103.0,Sleman
435000000,"Bantul, Bantul",2,1,90.0,Bantul
1350000000,"Sleman, Sleman",3,2,103.0,Sleman
1350000000,"Sleman, Sleman",3,2,103.0,Sleman
495000000,"Jetis, Bantul",3,1,168.0,Bantul
1350000000,"Sleman, Sleman",3,2,103.0,Sleman
270000000,"Prambanan, Sleman",2,1,61.0,Sleman
1450000000,"Banguntapan, Bantul",3,2,92.0,Bantul
2230000000,"Sleman, Sleman",4,3,186.0,Sleman
2190000000,"Sleman, Sleman",4,3,182.0,Sleman
2290000000,"Sleman, Sleman",4,3,196.0,Sleman
2260000000,"Sleman, Sleman",4,3,192.0,Sleman
2320000000,"Sleman, Sleman",4,3,200.0,Sleman
3080000000,"Sleman, Sleman",10,10,179.0,Sleman
1650000000,"Ngaglik, Sleman",3,3,230.0,Sleman
1650000000,"Ngaglik, Sleman",3,3,230.0,Sleman
750000000,"Gamping, Sleman",1,2,118.0,Sleman
260000000,"Gamping, Sleman",2,1,71.0,Sleman
260000000,"Sentolo, Kulon Progo",2,1,71.0,Kulon Progo
260000000,"Sentolo, Kulon Progo",2,1,71.0,Kulon Progo
350000000,"Sentolo, Kulon Progo",1,1,71.0,Kulon Progo
1820000000,"Gamping, Sleman",3,2,140.0,Sleman
1480000000,"Berbah, Sleman",3,2,125.0,Sleman
1820000000,"Jetis, Yogyakarta",3,2,140.0,Yogyakarta
4200000000,"Kalasan, Sleman",8,4,1100.0,Sleman
1400000000,"Kalasan, Sleman",4,4,428.0,Sleman
2250000000,"Gamping, Sleman",4,3,183.0,Sleman
350000000,"Sleman, Sleman",2,1,104.0,Sleman
3700000000,"Caturtunggal, Sleman",12,3,305.0,Sleman
3700000000,"Caturtunggal, Sleman",12,3,305.0,Sleman
1290000000,"Banguntapan, Bantul",4,3,99.0,Bantul
411000000,"Prambanan, Sleman",2,1,85.0,Sleman
270000000,"Sentolo, Kulon Progo",1,1,71.0,Kulon Progo
850000000,"Umbulharjo, Yogyakarta",3,3,70.0,Yogyakarta
870000000,"Banguntapan, Bantul",3,2,89.0,Bantul
592000000,"Mlati, Sleman",2,1,104.0,Sleman
270000000,"Prambanan, Sleman",2,1,61.0,Sleman
350000000,"Pandak, Bantul",2,1,81.0,Bantul
325000000,"Pandak, Bantul",2,1,74.0,Bantul
1600000000,"Kasihan, Bantul",4,2,109.0,Bantul
1940000000,"Mlati, Sleman",3,3,138.0,Sleman
250000000,"Ngaglik, Sleman",2,1,88.0,Sleman
595000000,"Banguntapan, Bantul",3,1,93.0,Bantul
299000000,"Ngaglik, Sleman",2,1,88.0,Sleman
385000000,"Kasihan, Bantul",2,1,107.0,Bantul
155000000,"Ngaglik, Sleman",2,1,88.0,Sleman
610000000,"Sleman, Sleman",3,1,167.0,Sleman
385000000,"Kasihan, Bantul",2,1,107.0,Bantul
645000000,"Banguntapan, Bantul",3,1,93.0,Bantul
200000000,"Ngaglik, Sleman",2,1,88.0,Sleman
3550000000,"Mlati, Sleman",5,5,334.0,Sleman
645000000,"Banguntapan, Bantul",3,1,93.0,Bantul
1100000000,"Ngaglik, Sleman",2,2,112.0,Sleman
395000000,"Prambanan, Sleman",2,1,75.0,Sleman
370000000,"Ngaglik, Sleman",2,1,94.0,Sleman
255000000,"Sentolo, Kulon Progo",2,1,71.0,Kulon Progo
2500000000,"Ngaglik, Sleman",3,2,450.0,Sleman
395000000,"Prambanan, Sleman",2,1,75.0,Sleman
615000000,"Sleman, Sleman",3,1,167.0,Sleman
600000000,"Kalasan, Sleman",2,2,120.0,Sleman
600000000,"Kalasan, Sleman",2,2,120.0,Sleman
6000000000,"Pakem, Sleman",3,5,4222.0,Sleman
700000000,"Purwomartani   , Sleman",3,1,108.0,Sleman
700000000,"Kalasan, Sleman",3,1,108.0,Sleman
500000000,"Kalasan, Sleman",2,2,112.0,Sleman
550000000,"Kalasan, Sleman",2,1,102.0,Sleman
299000000,"Ngaglik, Sleman",2,1,88.0,Sleman
2700000000,"Ngaglik, Sleman",3,4,110.0,Sleman
2990000000,"Ngaglik, Sleman",4,4,200.0,Sleman
3200000000,"Ngaglik, Sleman",4,4,204.0,Sleman
155000000,"Ngaglik, Sleman",2,1,88.0,Sleman
200000000,"Ngaglik, Sleman",2,1,88.0,Sleman
445000000,"Piyungan, Bantul",3,2,83.0,Bantul
162000000,"Bambanglipuro, Bantul",2,1,60.0,Bantul
299000000,"Jetis, Bantul",2,1,66.0,Bantul
3500000000,"Depok, Sleman",5,4,430.0,Sleman
3500000000,"Depok, Sleman",5,4,430.0,Sleman
645000000,"Banguntapan, Bantul",3,1,93.0,Bantul
5500000000,"Ngaglik, Sleman",4,5,193.0,Sleman
6500000000,"Pakem, Sleman",8,5,2367.0,Sleman
4500000000,"Depok, Sleman",3,2,282.0,Sleman
4700000000,"Ngaglik, Sleman",4,3,334.0,Sleman
550000000,"Kasihan, Bantul",3,2,95.0,Bantul
3500000000,"Ngaglik, Sleman",5,3,430.0,Sleman
765000000,"Kalasan, Sleman",3,2,118.0,Sleman
1470000000,"Depok, Sleman",4,3,178.0,Sleman
730000000,"Kalasan, Sleman",3,2,100.0,Sleman
1490000000,"Depok, Sleman",4,3,126.0,Sleman
498000000,"Godean, Sleman",3,2,90.0,Sleman
775000000,"Depok, Sleman",3,2,145.0,Sleman
1750000000,"Ngaglik, Sleman",3,2,162.0,Sleman
1470000000,"Depok, Sleman",4,4,178.0,Sleman
835000000,"Depok, Sleman",3,1,93.0,Sleman
2500000000,"Maguwoharjo, Yogyakarta",4,3,123.0,Yogyakarta
2750000000,"Depok, Sleman",4,4,150.0,Sleman
3090000000,"Gamping, Sleman",4,3,279.0,Sleman
2200000000,"Condong Catur, Sleman",3,3,139.0,Sleman
850000000,"Ngaglik, Sleman",3,1,99.0,Sleman
700000000,"Purwomartani   , Sleman",3,1,108.0,Sleman
4000000000,"Ngaglik, Sleman",4,3,184.0,Sleman
645000000,"Banguntapan, Bantul",3,1,93.0,Bantul
1150000000,"Wirobrajan, Yogyakarta",2,1,93.0,Yogyakarta
1500000000,"Banguntapan, Bantul",10,10,100.0,Bantul
3900000000,"Mlati, Sleman",11,11,321.0,Sleman
5950000000,"Mlati, Sleman",6,4,355.0,Sleman
450000000,"Kasihan, Bantul",5,2,72.0,Bantul
990000000,"Gamping, Sleman",3,2,120.0,Sleman
897000000,"Ngaglik, Sleman",3,2,107.0,Sleman
5950000000,"Mlati, Sleman",6,4,355.0,Sleman
5500000000,"Ngaglik, Sleman",4,4,193.0,Sleman
700000000,"Kalasan, Sleman",3,1,108.0,Sleman
700000000,"Kalasan, Sleman",3,1,108.0,Sleman
835000000,"Banguntapan, Bantul",3,2,102.0,Bantul
4000000000,"Ngaglik, Sleman",3,2,203.0,Sleman
1650000000,"Kotagede, Yogyakarta",3,2,301.0,Yogyakarta
1450000000,"Maguwoharjo, Yogyakarta",5,3,125.0,Yogyakarta
550000000,"Ngaglik, Sleman",2,1,100.0,Sleman
7800000000,"Kaliurang, Sleman",5,4,400.0,Sleman
835000000,"Condong Catur, Sleman",3,1,95.0,Sleman
410000000,"Sedayu, Bantul",2,1,88.0,Bantul
689000000,"Ngemplak, Sleman",3,2,120.0,Sleman
1170000000,"Ngaglik, Sleman",3,2,115.0,Sleman
765000000,"Purwomartani   , Sleman",3,2,145.0,Sleman
730000000,"Purwomartani   , Sleman",3,2,100.0,Sleman
1970000000,"Maguwoharjo, Yogyakarta",5,6,166.0,Yogyakarta
1940000000,"Maguwoharjo, Yogyakarta",3,2,150.0,Yogyakarta
1380000000,"Kalasan, Sleman",3,2,107.0,Sleman
875000000,"Ngaglik, Sleman",3,2,107.0,Sleman
585000000,"Sleman, Sleman",3,2,81.0,Sleman
825000000,"Ngemplak, Sleman",3,2,120.0,Sleman
1600000000,"Ngaglik, Sleman",3,3,122.0,Sleman
760000000,"Ngemplak, Sleman",3,2,107.0,Sleman
685000000,"Ngaglik, Sleman",3,2,98.0,Sleman
1850000000,"Ngemplak, Sleman",3,2,116.0,Sleman
4000000000,"Ngaglik, Sleman",3,2,203.0,Sleman
475000000,"Godean, Sleman",2,1,90.0,Sleman
5950000000,"Ngaglik, Sleman",6,3,355.0,Sleman
275000000,"Kulonprogo, Kulon Progo",2,1,71.0,Kulon Progo
550000000,"Cebongan, Sleman",2,1,125.0,Sleman
275000000,"Sentolo, Kulon Progo",2,1,71.0,Kulon Progo
3900000000,"Caturtunggal, Sleman",11,11,321.0,Sleman
910000000,"Sleman, Sleman",4,2,106.0,Sleman
8000000000,"Ngaglik, Sleman",7,6,400.0,Sleman
4650000000,"Ngaglik, Sleman",5,4,180.0,Sleman
4400000000,"Umbulharjo, Yogyakarta",7,5,525.0,Yogyakarta
2500000000,"Kraton, Yogyakarta",6,3,393.0,Yogyakarta
2400000000,"Ngaglik, Sleman",3,2,238.0,Sleman
1900000000,"Wirobrajan, Yogyakarta",5,1,250.0,Yogyakarta
1300000000,"Umbulharjo, Yogyakarta",2,2,134.0,Yogyakarta
1300000000,"Depok, Sleman",4,3,144.0,Sleman
850000000,"Sleman, Sleman",2,1,105.0,Sleman
890000000,"Kotagede, Yogyakarta",3,2,85.0,Yogyakarta
270000000,"Kalasan, Sleman",2,1,61.0,Sleman
699000000,"Banguntapan, Bantul",3,1,99.0,Bantul
555000000,"Sleman, Sleman",3,2,105.0,Sleman
680000000,"Kalasan, Sleman",3,1,97.0,Sleman
950000000,"Kotagede, Yogyakarta",4,4,90.0,Yogyakarta
5300000000,"Gedong Tengen, Yogyakarta",7,4,369.0,Yogyakarta
675000000,"Bantul, Yogyakarta",2,1,85.0,Yogyakarta
765000000,"Kalasan, Sleman",3,2,118.0,Sleman
756000000,"Ngaglik, Sleman",3,2,104.0,Sleman
1940000000,"Maguwoharjo, Yogyakarta",3,2,150.0,Yogyakarta
519000000,"Sayegan, Sleman",2,1,90.0,Sleman
945000000,"Ngaglik, Sleman",3,2,137.0,Sleman
3800000000,"Condong Catur, Sleman",13,11,235.0,Sleman
2280000000,"Gamping, Sleman",4,3,182.0,Sleman
495000000,"Berbah, Sleman",2,1,45.0,Sleman
2980000000,"Sleman, Sleman",11,11,179.0,Sleman
475000000,"Sewon, Bantul",2,1,80.0,Bantul
1600000000,"Sleman, Yogyakarta",4,4,530.0,Yogyakarta
2880000000,"Sleman, Sleman",11,11,208.0,Sleman
2880000000,"Sleman, Sleman",11,11,208.0,Sleman
2000000000,"Maguwoharjo, Yogyakarta",6,5,254.0,Yogyakarta
999000000,"Maguwoharjo, Yogyakarta",3,3,103.0,Yogyakarta
1270000000,"Banguntapan, Bantul",3,2,91.0,Bantul
645000000,"Banguntapan, Bantul",3,1,93.0,Bantul
260000000,"Sentolo, Kulon Progo",2,1,72.0,Kulon Progo
1270000000,"Banguntapan, Bantul",3,2,91.0,Bantul
1270000000,"Banguntapan, Bantul",3,2,91.0,Bantul
1270000000,"Banguntapan, Bantul",3,3,91.0,Bantul
255000000,"Gamping, Sleman",2,1,71.0,Sleman
2109999999,"Mlati, Sleman",3,2,110.0,Sleman
3870000000,"Mlati, Sleman",3,3,204.0,Sleman
3230000000,"Mlati, Sleman",3,3,153.0,Sleman
3500000000,"Kraton, Yogyakarta",6,5,220.0,Yogyakarta
3500000000,"Tegalrejo, Yogyakarta",2,3,302.0,Yogyakarta
3100000000,"Ngaglik, Sleman",7,7,335.0,Sleman
775000000,"Ngaglik, Sleman",3,2,136.0,Sleman
450000000,"Godean, Sleman",2,1,82.0,Sleman
825000000,"Ngemplak, Sleman",3,2,163.0,Sleman
1450000000,"Depok, Sleman",3,3,110.0,Sleman
885000000,"Ngaglik, Sleman",4,2,142.0,Sleman
2300000000,"Mlati, Sleman",4,3,130.0,Sleman
1820000000,"Wirobrajan, Yogyakarta",3,2,140.0,Yogyakarta
775000000,"Gamping, Sleman",2,2,118.0,Sleman
690000000,"Bantul, Bantul",3,2,78.0,Bantul
260000000,"Sentolo, Kulon Progo",2,1,72.0,Kulon Progo
1650000000,"Ngemplak, Sleman",3,3,130.0,Sleman
255000000,"Berbah, Sleman",1,2,62.0,Sleman
2300000000,"Mlati, Sleman",4,3,130.0,Sleman
4200000000,"Mlati, Sleman",3,4,564.0,Sleman
2300000000,"Mlati, Sleman",4,3,120.0,Sleman
357000000,"Berbah, Sleman",2,1,132.0,Sleman
470000000,"Kasihan, Bantul",2,1,120.0,Bantul
270000000,"Maguwoharjo, Yogyakarta",2,1,61.0,Yogyakarta
280000000,"Condong Catur, Sleman",2,1,80.0,Sleman
700000000,"Kalasan, Sleman",3,1,108.0,Sleman
490000000,"Sedayu, Bantul",2,1,84.0,Bantul
490000000,"Sedayu, Bantul",2,1,84.0,Bantul
897000000,"Depok, Sleman",3,2,107.0,Sleman
765000000,"Purwomartani   , Sleman",3,1,118.0,Sleman
475000000,"Banguntapan, Bantul",2,1,73.0,Bantul
470000000,"Berbah, Sleman",2,1,90.0,Sleman
1000000000,"Depok, Sleman",3,4,135.0,Sleman
260000000,"Sentolo, Kulon Progo",2,1,72.0,Kulon Progo
275000000,"Sedayu, Bantul",2,1,129.0,Bantul
407000000,"Sleman, Sleman",2,1,108.0,Sleman
407000000,"Sleman, Sleman",2,1,108.0,Sleman
1100000000,"Ngemplak, Sleman",2,1,165.0,Sleman
235000000,"Ngemplak, Sleman",2,1,73.0,Sleman
1500000000,"Sleman, Yogyakarta",6,4,138.0,Yogyakarta
4200000000,"Kalasan, Sleman",8,4,1100.0,Sleman
875000000,"Depok, Sleman",5,3,91.0,Sleman
875000000,"Purwomartani   , Sleman",3,2,85.0,Sleman
875000000,"Umbulharjo, Yogyakarta",3,1,90.0,Yogyakarta
680000000,"Ngaglik, Sleman",2,2,91.0,Sleman
845000000,"Ngemplak, Sleman",3,2,164.0,Sleman
2109999999,"Sleman, Yogyakarta",3,2,110.0,Yogyakarta
3870000000,"Sleman, Yogyakarta",3,3,204.0,Yogyakarta
3230000000,"Sleman, Yogyakarta",3,3,153.0,Yogyakarta
410000000,"Sedayu, Bantul",2,1,88.0,Bantul
235000000,"Umbulharjo, Yogyakarta",2,1,73.0,Yogyakarta
440000000,"Jetis, Bantul",2,1,88.0,Bantul
1170000000,"Ngaglik, Sleman",3,2,115.0,Sleman
3000000000,"Danurejan, Yogyakarta",12,5,459.0,Yogyakarta
670000000,"Depok, Sleman",3,2,136.0,Sleman
2000000000,"Kalasan, Sleman",3,3,125.0,Sleman
550000000,"Kalasan, Sleman",3,1,60.0,Sleman
1250000000,"Kaliurang, Sleman",3,2,180.0,Sleman
559000000,"Berbah, Sleman",2,1,84.0,Sleman
550000000,"Sewon, Bantul",2,1,85.0,Bantul
1950000000,"Ngemplak, Sleman",3,2,116.0,Sleman
550000000,"Sewon, Bantul",2,1,85.0,Bantul
675000000,"Banguntapan, Bantul",2,2,82.0,Bantul
1600000000,"Banguntapan, Bantul",3,3,92.0,Bantul
999000000,"Depok, Sleman",3,3,103.0,Sleman
350000000,"Pandak, Bantul",2,1,81.0,Bantul
450000000,"Jetis, Bantul",2,1,75.0,Bantul
200000000,"Moyudan, Sleman",2,1,60.0,Sleman
485000000,"Jetis, Bantul",2,1,75.0,Bantul
640000000,"Ngaglik, Sleman",2,1,91.0,Sleman
485000000,"Jetis, Bantul",2,1,75.0,Bantul
5120000000,"Banguntapan, Bantul",7,5,569.0,Bantul
849000000,"Mlati, Sleman",3,2,111.0,Sleman
415000000,"Kasihan, Bantul",2,1,77.0,Bantul
415000000,"Kasihan, Bantul",2,1,77.0,Bantul
1400000000,"Prambanan, Sleman",4,4,428.0,Sleman
545000000,"Ngaglik, Sleman",2,1,85.0,Sleman
545000000,"Ngaglik, Sleman",2,1,85.0,Sleman
5280000000,"Mlati, Sleman",4,4,268.0,Sleman
698000000,"Kalasan, Sleman",2,1,106.0,Sleman
698000000,"Kalasan, Sleman",2,1,106.0,Sleman
650000000,"Godean, Sleman",3,1,100.0,Sleman
720000000,"Kalasan, Sleman",3,2,87.0,Sleman
720000000,"Kalasan, Sleman",3,2,87.0,Sleman
850000000,"Berbah, Sleman",2,1,125.0,Sleman
350000000,"Moyudan, Sleman",2,1,104.0,Sleman
775000000,"Kalasan, Sleman",3,2,145.0,Sleman
775000000,"Kalasan, Sleman",3,2,145.0,Sleman
9000000000,"Banguntapan, Bantul",31,31,547.0,Bantul
1420000000,"Godean, Sleman",5,4,144.0,Sleman
560000000,"Imogiri, Yogyakarta",3,1,82.0,Yogyakarta
1500000000,"Kalasan, Sleman",5,3,158.0,Sleman
450000000,"Kasihan, Bantul",2,2,54.0,Bantul
480000000,"Gamping, Sleman",2,1,108.0,Sleman
2500000000,"Depok, Sleman",5,3,123.0,Sleman
2530000000,"Kalasan, Sleman",5,4,178.0,Sleman
575000000,"Kalasan, Sleman",2,2,100.0,Sleman
756000000,"Ngemplak, Sleman",3,2,110.0,Sleman
730000000,"Kalasan, Sleman",3,2,100.0,Sleman
765000000,"Depok, Sleman",3,2,103.0,Sleman
2000000000,"Kasihan, Bantul",3,2,120.0,Bantul
650000000,"Depok, Sleman",3,2,75.0,Sleman
580000000,"Kotagede, Yogyakarta",2,1,66.0,Yogyakarta
961000000,"Ngaglik, Sleman",3,3,107.0,Sleman
800000000,"Sewon, Bantul",3,2,154.0,Bantul
756000000,"Mlati, Sleman",3,1,95.0,Sleman
775000000,"Ngemplak, Sleman",3,2,113.0,Sleman
689000000,"Ngemplak, Sleman",3,2,120.0,Sleman
875000000,"Umbulharjo, Yogyakarta",4,2,122.0,Yogyakarta
880000000,"Condong Catur, Sleman",3,2,104.0,Sleman
775000000,"Umbulharjo, Yogyakarta",2,1,80.0,Yogyakarta
449000000,"Sedayu, Bantul",2,1,82.0,Bantul
1350000000,"Ngaglik, Sleman",3,3,100.0,Sleman
1150000000,"Ngaglik, Sleman",3,2,130.0,Sleman
1400000000,"Ngaglik, Sleman",8,4,90.0,Sleman
4500000000,"Gondokusuman, Yogyakarta",15,5,495.0,Yogyakarta
4500000000,"Kasihan, Bantul",5,4,535.0,Bantul
14000000000,"Ngaglik, Sleman",7,6,970.0,Sleman
550000000,"Kasihan, Bantul",3,2,88.0,Bantul
450000000,"Sedayu, Bantul",2,1,81.0,Bantul
580000000,"Sewon, Bantul",3,2,126.0,Bantul
1850000000,"Ngemplak, Sleman",3,2,116.0,Sleman
2530000000,"Mlati, Sleman",5,4,178.0,Sleman
2200000000,"Condong Catur, Sleman",3,3,135.0,Sleman
1950000000,"Depok, Sleman",3,3,128.0,Sleman
445000000,"Piyungan, Bantul",3,2,83.0,Bantul
775000000,"Kalasan, Sleman",3,2,145.0,Sleman
799000000,"Mlati, Sleman",3,2,111.0,Sleman
1950000000,"Depok, Sleman",3,3,128.0,Sleman
1790000000,"Depok, Sleman",4,3,119.0,Sleman
1950000000,"Depok, Sleman",3,3,128.0,Sleman
2500000000,"Depok, Sleman",4,3,123.0,Sleman
1500000000,"Ngemplak, Sleman",5,4,121.0,Sleman
1500000000,"Gamping, Sleman",3,2,112.0,Sleman
765000000,"Depok, Sleman",3,2,120.0,Sleman
2300000000,"Ngaglik, Sleman",10,11,121.0,Sleman
850000000,"Gamping, Sleman",3,2,98.0,Sleman
1500000000,"Ngemplak, Sleman",5,4,121.0,Sleman
594000000,"Sleman, Yogyakarta",2,1,79.0,Yogyakarta
1500000000,"Gamping, Sleman",3,2,112.0,Sleman
454000000,"Kasihan, Bantul",2,1,112.0,Bantul
1400000000,"Depok, Sleman",3,2,174.0,Sleman
1350000000,"Sleman, Sleman",3,1,103.0,Sleman
1100000000,"Bantul, Yogyakarta",3,2,160.0,Yogyakarta
260000000,"Sentolo, Kulon Progo",2,1,72.0,Kulon Progo
1350000000,"Sleman, Sleman",3,2,103.0,Sleman
645000000,"Banguntapan, Bantul",3,2,93.0,Bantul
594000000,"Sleman, Sleman",2,1,79.0,Sleman
1850000000,"Maguwoharjo, Yogyakarta",3,3,150.0,Yogyakarta
910000000,"Sleman, Sleman",4,2,106.0,Sleman
1500000000,"Gamping, Sleman",3,2,135.0,Sleman
1300000000,"Gamping, Sleman",2,1,135.0,Sleman
1350000000,"Depok, Sleman",5,3,99.0,Sleman
1500000000,"Mlati, Sleman",5,4,132.0,Sleman
1300000000,"Ngaglik, Sleman",5,3,122.0,Sleman
1250000000,"Ngaglik, Sleman",3,2,133.0,Sleman
1300000000,"Depok, Sleman",5,2,170.0,Sleman
1400000000,"Depok, Sleman",3,2,113.0,Sleman
1300000000,"Mantrijeron, Yogyakarta",5,3,150.0,Yogyakarta
1100000000,"Gamping, Sleman",2,1,150.0,Sleman
1290000000,"Ngaglik, Sleman",4,3,109.0,Sleman
850000000,"Ngaglik, Sleman",2,1,265.0,Sleman
260000000,"Sentolo, Kulon Progo",2,1,72.0,Kulon Progo
270000000,"Kalasan, Sleman",2,1,61.0,Sleman
6800000000,"Gondokusuman, Yogyakarta",8,5,447.0,Yogyakarta
1100000000,"Pogung, Yogyakarta",3,1,110.0,Yogyakarta
500000000,"Kasihan, Bantul",2,1,88.0,Bantul
1300000000,"Ngemplak, Sleman",3,2,140.0,Sleman
675000000,"Kalasan, Sleman",3,2,125.0,Sleman
675000000,"Kalasan, Sleman",3,2,125.0,Sleman
1950000000,"Condong Catur, Sleman",3,3,128.0,Sleman
675000000,"Kalasan, Sleman",3,2,125.0,Sleman
520000000,"Sleman, Sleman",2,1,90.0,Sleman
889000000,"Kotagede, Yogyakarta",3,2,85.0,Yogyakarta
650000000,"Sedayu, Bantul",2,1,108.0,Bantul
1970000000,"Maguwoharjo, Yogyakarta",5,6,166.0,Yogyakarta
675000000,"Kalasan, Sleman",3,2,125.0,Sleman
1970000000,"Depok, Sleman",5,6,166.0,Sleman
1970000000,"Depok, Sleman",5,6,166.0,Sleman
1970000000,"Depok, Sleman",5,6,166.0,Sleman
1970000000,"Depok, Sleman",5,6,166.0,Sleman
450000000,"Sayegan, Sleman",2,1,83.0,Sleman
674000000,"Sleman, Sleman",3,2,125.0,Sleman
1450000000,"Depok, Sleman",3,3,110.0,Sleman
2200000000,"Nanggulan, Kulon Progo",4,3,1045.0,Kulon Progo
450000000,"Godean, Sleman",2,1,83.0,Sleman
825000000,"Ngemplak, Sleman",3,2,163.0,Sleman
2800000000,"Mlati, Sleman",5,4,181.0,Sleman
1250000000,"Banguntapan, Bantul",4,3,99.0,Bantul
2200000000,"Sleman, Sleman",10,10,230.0,Sleman
2990000000,"Mlati, Sleman",4,4,110.0,Sleman
399000000,"Sedayu, Bantul",2,1,83.0,Bantul
399000000,"Sedayu, Bantul",2,1,83.0,Bantul
725000000,"Ngaglik, Sleman",2,1,114.0,Sleman
558000000,"Sedayu, Bantul",3,2,73.0,Bantul
1450000000,"Godean, Sleman",3,3,100.0,Sleman
558000000,"Sedayu, Bantul",3,2,73.0,Bantul
735000000,"Maguwoharjo, Yogyakarta",3,2,105.0,Yogyakarta
2130000000,"Mlati, Sleman",3,2,111.0,Sleman
4490000000,"Mlati, Sleman",3,3,260.0,Sleman
3370000000,"Mlati, Sleman",3,3,166.0,Sleman
698000000,"Ngemplak, Sleman",3,2,120.0,Sleman
2240000000,"Ngaglik, Sleman",10,10,230.0,Sleman
1850000000,"Condong Catur, Sleman",5,3,122.0,Sleman
950000000,"Purwomartani   , Sleman",3,2,141.0,Sleman
255000000,"Ngemplak, Sleman",2,1,73.0,Sleman
747000000,"Sleman, Yogyakarta",3,2,62.0,Yogyakarta
667000000,"Kalasan, Sleman",2,1,100.0,Sleman
1770000000,"Ngaglik, Sleman",3,3,157.0,Sleman
850000000,"Sleman, Yogyakarta",3,2,107.0,Yogyakarta
884000000,"Maguwoharjo, Yogyakarta",4,2,142.0,Yogyakarta
130000000,"Ngaglik, Sleman",6,2,320.0,Sleman
775000000,"Ngemplak, Sleman",3,2,113.0,Sleman
775000000,"Ngemplak, Sleman",3,2,113.0,Sleman
2200000000,"Condong Catur, Sleman",3,3,139.0,Sleman
2210000000,"Sleman, Sleman",10,10,230.0,Sleman
1380000000,"Sleman, Sleman",3,2,107.0,Sleman
1920000000,"Kalasan, Sleman",3,3,150.0,Sleman
1310000000,"Mlati, Sleman",4,2,101.0,Sleman
328000000,"Sentolo, Kulon Progo",2,1,71.0,Kulon Progo
756000000,"Ngaglik, Sleman",3,1,104.0,Sleman
2200000000,"Depok, Sleman",3,3,139.0,Sleman
2200000000,"Depok, Sleman",3,3,139.0,Sleman
775000000,"Ngemplak, Sleman",3,2,113.0,Sleman
2500000000,"Depok, Sleman",4,3,123.0,Sleman
950000000,"Nologaten, Yogyakarta",4,4,90.0,Yogyakarta
2500000000,"Depok, Sleman",4,3,123.0,Sleman
2100000000,"Maguwoharjo, Yogyakarta",3,3,120.0,Yogyakarta
550000000,"Depok, Sleman",3,1,104.0,Sleman
3800000000,"Condong Catur, Sleman",13,12,235.0,Sleman
715000000,"Kasihan, Bantul",2,2,92.0,Bantul
715000000,"Kasihan, Bantul",2,2,92.0,Bantul
4950000000,"Banguntapan, Bantul",5,6,748.0,Bantul
1600000000,"Gamping, Sleman",5,4,143.0,Sleman
556000000,"Berbah, Sleman",2,1,84.0,Sleman
920000000,"Banguntapan, Bantul",3,3,107.0,Bantul
1650000000,"Depok, Sleman",3,3,130.0,Sleman
1480000000,"Sleman, Sleman",3,2,125.0,Sleman
2360000000,"Mlati, Sleman",4,3,141.0,Sleman
920000000,"Banguntapan, Bantul",3,3,107.0,Bantul
475000000,"Sewon, Bantul",2,1,80.0,Bantul
3900000000,"Pakem, Sleman",4,4,450.0,Sleman
260000000,"Prambanan, Sleman",2,1,70.0,Sleman
335000000,"Kasihan, Bantul",2,1,75.0,Bantul
890000000,"Kotagede, Yogyakarta",3,2,85.0,Yogyakarta
470000000,"Berbah, Sleman",2,1,90.0,Sleman
470000000,"Berbah, Sleman",2,1,90.0,Sleman
1950000000,"Depok, Sleman",3,3,128.0,Sleman
775000000,"Gamping, Sleman",3,2,80.0,Sleman
885000000,"Ngemplak, Sleman",4,2,145.0,Sleman
885000000,"Ngemplak, Sleman",4,2,142.0,Sleman
2200000000,"Depok, Sleman",3,3,139.0,Sleman
2200000000,"Depok, Sleman",3,3,139.0,Sleman
757000000,"Ngaglik, Sleman",2,1,95.0,Sleman
2500000000,"Depok, Sleman",4,3,123.0,Sleman
5300000000,"Gedong Tengen, Yogyakarta",7,4,369.0,Yogyakarta
750000000,"Kalasan, Sleman",2,2,100.0,Sleman
2500000000,"Depok, Sleman",4,3,123.0,Sleman
1790000000,"Bantul, Bantul",4,5,140.0,Bantul
4800000000,"Depok, Sleman",5,4,386.0,Sleman
900000000,"Godean, Sleman",3,2,207.0,Sleman
3900000000,"Depok, Sleman",8,5,221.0,Sleman
961000000,"Ngaglik, Sleman",3,3,107.0,Sleman
1350000000,"Ngaglik, Sleman",3,3,106.0,Sleman
8199999999,"Kaliurang, Sleman",30,31,288.0,Sleman
2350000000,"Ngaglik, Sleman",3,4,130.0,Sleman
1600000000,"Banguntapan, Bantul",3,3,97.0,Bantul
475000000,"Bantul, Bantul",3,2,101.0,Bantul
535000000,"Sewon, Bantul",3,2,100.0,Bantul
465000000,"Bantul, Bantul",3,1,147.0,Bantul
950000000,"Kalasan, Sleman",3,2,141.0,Sleman
250000000,"Jetis, Bantul",2,1,97.0,Bantul
465000000,"Bantul, Bantul",3,1,147.0,Bantul
250000000,"Jetis, Bantul",2,1,76.0,Bantul
155000000,"Ngaglik, Sleman",2,1,88.0,Sleman
155000000,"Ngaglik, Sleman",2,1,88.0,Sleman
593000000,"Kasihan, Bantul",3,2,91.0,Bantul
1500000000,"Umbulharjo, Yogyakarta",3,2,112.0,Yogyakarta
295000000,"Gamping, Sleman",1,1,107.0,Sleman
1500000000,"Maguwoharjo, Yogyakarta",4,3,120.0,Yogyakarta
7700000000,"Ngaglik, Sleman",6,5,336.0,Sleman
4800000000,"Ngaglik, Sleman",20,15,300.0,Sleman
495000000,"Kalasan, Sleman",2,1,107.0,Sleman
2400000000,"Mlati, Sleman",3,3,199.0,Sleman
1700000000,"Godean, Sleman",5,4,148.0,Sleman
1850000000,"Ngemplak, Sleman",4,4,220.0,Sleman
6500000000,"Mlati, Sleman",8,5,816.0,Sleman
5900000000,"Mlati, Sleman",7,3,522.0,Sleman
1100000000,"Ngaglik, Sleman",3,2,180.0,Sleman
4250000000,"Umbulharjo, Yogyakarta",6,4,175.0,Yogyakarta
2000000000,"Depok, Sleman",8,4,165.0,Sleman
520000000,"Kalasan, Sleman",3,1,85.0,Sleman
650000000,"Ngaglik, Sleman",3,2,96.0,Sleman
595000000,"Banguntapan, Bantul",3,1,93.0,Bantul
1300000000,"Jetis, Yogyakarta",4,2,181.0,Yogyakarta
750000000,"Ngemplak, Sleman",3,1,103.0,Sleman
775000000,"Kalasan, Sleman",3,2,145.0,Sleman
675000000,"Kalasan, Sleman",3,2,125.0,Sleman
1850000000,"Ngemplak, Sleman",3,2,116.0,Sleman
698000000,"Purwomartani   , Sleman",2,1,106.0,Sleman
835000000,"Banguntapan, Bantul",3,2,102.0,Bantul
835000000,"Banguntapan, Bantul",3,2,102.0,Bantul
735000000,"Ngemplak, Sleman",3,2,105.0,Sleman
735000000,"Ngemplak, Sleman",3,2,105.0,Sleman
900000000,"Banguntapan, Bantul",4,5,95.0,Bantul
799000000,"Mlati, Sleman",3,2,111.0,Sleman
799000000,"Mlati, Sleman",3,2,111.0,Sleman
580000000,"Ngemplak, Sleman",2,1,151.0,Sleman
698000000,"Kalasan, Sleman",2,1,106.0,Sleman
698000000,"Kalasan, Sleman",2,1,106.0,Sleman
720000000,"Kalasan, Sleman",3,2,87.0,Sleman
720000000,"Kalasan, Sleman",3,2,87.0,Sleman
500000000,"Kalasan, Sleman",3,2,104.0,Sleman
500000000,"Kalasan, Sleman",3,2,104.0,Sleman
1300000000,"Turi, Sleman",3,2,407.0,Sleman
1500000000,"Ngemplak, Sleman",5,3,115.0,Sleman
1500000000,"Ngemplak, Sleman",5,3,115.0,Sleman
345000000,"Sedayu, Bantul",2,1,80.0,Bantul
1500000000,"Kasihan, Bantul",2,2,195.0,Bantul
720000000,"Ngaglik, Sleman",2,1,91.0,Sleman
1490000000,"Maguwoharjo, Yogyakarta",5,4,126.0,Yogyakarta
720000000,"Ngaglik, Sleman",2,1,91.0,Sleman
835000000,"Condong Catur, Sleman",3,1,95.0,Sleman
1850000000,"Depok, Sleman",3,2,116.0,Sleman
756000000,"Ngaglik, Sleman",2,1,95.0,Sleman
756000000,"Ngaglik, Sleman",2,1,95.0,Sleman
2300000000,"Gamping, Sleman",4,4,182.0,Sleman
4000000000,"Depok, Sleman",13,12,235.0,Sleman
4000000000,"Depok, Sleman",13,12,235.0,Sleman
250000000,"Plered, Bantul",2,1,60.0,Bantul
250000000,"Plered, Bantul",2,1,60.0,Bantul
666000000,"Gamping, Sleman",2,1,87.0,Sleman
2200000000,"Mlati, Sleman",2,2,174.0,Sleman
950000000,"Purwomartani   , Sleman",3,2,141.0,Sleman
680000000,"Kalasan, Sleman",3,1,97.0,Sleman
1470000000,"Maguwoharjo, Yogyakarta",3,3,178.0,Yogyakarta
399000000,"Turi, Sleman",2,1,90.0,Sleman
2000000000,"Prambanan, Sleman",5,3,1200.0,Sleman
1800000000,"Umbulharjo, Yogyakarta",3,3,333.0,Yogyakarta
299000000,"Ngaglik, Sleman",2,1,88.0,Sleman
5250000000,"Caturtunggal, Yogyakarta",5,4,448.0,Yogyakarta
299000000,"Ngaglik, Sleman",2,1,88.0,Sleman
3000000000,"Gamping, Sleman",4,4,243.0,Sleman
4000000000,"Kraton, Yogyakarta",3,3,183.0,Yogyakarta
1770000000,"Ngaglik, Sleman",3,3,121.0,Sleman
315000000,"Sedayu, Bantul",2,1,36.0,Bantul
4850000000,"Godean, Sleman",4,5,222.0,Sleman
750000000,"Prambanan, Sleman",3,2,185.0,Sleman
535000000,"Sewon, Bantul",3,2,100.0,Bantul
2600000000,"Sleman, Sleman",14,5,203.0,Sleman
1950000000,"Depok, Sleman",3,4,128.0,Sleman
270000000,"Kalasan, Sleman",2,1,61.0,Sleman
799000000,"Mlati, Sleman",3,2,111.0,Sleman
227000000,"Condong Catur, Sleman",2,1,60.0,Sleman
245000000,"Kalasan, Sleman",2,1,75.0,Sleman
592000000,"Prambanan, Sleman",2,1,90.0,Sleman
250000000,"Ngaglik, Sleman",2,1,88.0,Sleman
1900000000,"Banguntapan, Bantul",4,2,432.0,Bantul
1950000000,"Kaliurang, Sleman",4,2,665.0,Sleman
1260000000,"Gondokusuman, Yogyakarta",3,3,103.0,Yogyakarta
3000000000,"Depok, Sleman",3,3,200.0,Sleman
1500000000,"Depok, Sleman",5,3,158.0,Sleman
1900000000,"Depok, Sleman",14,4,329.0,Sleman
850000000,"Maguwoharjo, Yogyakarta",3,2,112.0,Yogyakarta
4000000000,"Kalasan, Sleman",10,7,985.0,Sleman
725000000,"Mlati, Sleman",2,1,114.0,Sleman
1970000000,"Maguwoharjo, Yogyakarta",5,6,166.0,Yogyakarta
499000000,"Sleman, Sleman",2,1,120.0,Sleman
1650000000,"Godean, Sleman",4,3,103.0,Sleman
890000000,"Nologaten, Yogyakarta",3,2,85.0,Yogyakarta
1270000000,"Banguntapan, Bantul",3,2,91.0,Bantul
725000000,"Cebongan, Sleman",3,2,71.0,Sleman
1900000000,"Sedayu, Bantul",2,1,180.0,Bantul
1700000000,"Ngaglik, Sleman",3,3,100.0,Sleman
1400000000,"Sleman, Yogyakarta",3,1,120.0,Yogyakarta
2150000000,"Maguwoharjo, Yogyakarta",15,5,238.0,Yogyakarta
1450000000,"Depok, Sleman",3,2,80.0,Sleman
756000000,"Ngaglik, Sleman",3,2,104.0,Sleman
735000000,"Ngaglik, Sleman",3,2,70.0,Sleman
640000000,"Ngaglik, Sleman",2,1,95.0,Sleman
820000000,"Purwomartani   , Sleman",3,2,109.0,Sleman
999000000,"Ngemplak, Sleman",3,3,100.0,Sleman
155000000,"Ngaglik, Sleman",2,1,88.0,Sleman
885000000,"Maguwoharjo, Yogyakarta",4,2,142.0,Yogyakarta
2500000000,"Depok, Sleman",9,9,150.0,Sleman
3500000000,"Ngaglik, Sleman",15,13,342.0,Sleman
789000000,"Ngaglik, Sleman",2,1,93.0,Sleman
775000000,"Maguwoharjo, Yogyakarta",3,2,132.0,Yogyakarta
450000000,"Godean, Sleman",2,1,82.0,Sleman
1850000000,"Kasihan, Bantul",4,3,149.0,Bantul
1450000000,"Depok, Sleman",3,3,110.0,Sleman
445000000,"Piyungan, Bantul",3,2,83.0,Bantul
699000000,"Ngaglik, Sleman",3,2,117.0,Sleman
445000000,"Piyungan, Bantul",3,2,83.0,Bantul
450000000,"Godean, Sleman",2,1,83.0,Sleman
999000000,"Ngaglik, Sleman",3,2,137.0,Sleman
1820000000,"Gamping, Sleman",3,3,140.0,Sleman
689000000,"Depok, Sleman",13,11,235.0,Sleman
668000000,"Maguwoharjo, Yogyakarta",3,2,120.0,Yogyakarta
599000000,"Kotagede, Yogyakarta",2,1,90.0,Yogyakarta
1850000000,"Godean, Sleman",3,3,329.0,Sleman
775000000,"Purwomartani   , Sleman",3,2,145.0,Sleman
2490000000,"Maguwoharjo, Yogyakarta",3,3,123.0,Yogyakarta
6500000000,"Bantul, Yogyakarta",5,5,717.0,Yogyakarta
750000000,"Ngaglik, Sleman",2,2,99.0,Sleman
1650000000,"Depok, Sleman",3,3,130.0,Sleman
999000000,"Depok, Sleman",4,4,103.0,Sleman
849000000,"Ngaglik, Sleman",3,2,120.0,Sleman
595000000,"Kalasan, Sleman",3,1,103.0,Sleman
4500000000,"Gondokusuman, Yogyakarta",15,5,448.0,Yogyakarta
595000000,"Kalasan, Sleman",3,1,103.0,Sleman
1400000000,"Sleman, Sleman",4,2,150.0,Sleman
3300000000,"Depok, Sleman",20,8,275.0,Sleman
1540000000,"Ngaglik, Sleman",4,4,120.0,Sleman
775000000,"Ngemplak, Sleman",3,2,113.0,Sleman
1650000000,"Bantul, Bantul",4,3,113.0,Bantul
775000000,"Ngemplak, Sleman",3,2,113.0,Sleman
1400000000,"Kalasan, Sleman",4,4,428.0,Sleman
2100000000,"Ngaglik, Sleman",10,11,121.0,Sleman
1450000000,"Ngemplak, Sleman",3,2,100.0,Sleman
1450000000,"Ngemplak, Sleman",3,2,100.0,Sleman
10000000000,"Danurejan, Yogyakarta",5,5,497.0,Yogyakarta
450000000,"Banguntapan, Bantul",2,1,103.0,Bantul
42100000000,"Wirobrajan, Yogyakarta",6,2,4213.0,Yogyakarta
895000000,"Kalasan, Sleman",3,2,85.0,Sleman
14000000000,"Umbulharjo, Yogyakarta",2,2,990.0,Yogyakarta
2290000000,"Mlati, Sleman",3,2,130.0,Sleman
1250000000,"Godean, Sleman",3,3,110.0,Sleman
562000000,"Sleman, Sleman",2,1,53.0,Sleman
725000000,"Sleman, Sleman",3,2,114.0,Sleman
11000000000,"Caturtunggal, Yogyakarta",15,3,580.0,Yogyakarta
8000000000,"Kalasan, Sleman",16,3,385.0,Sleman
700000000,"Kalasan, Sleman",2,1,94.0,Sleman
2300000000,"Mlati, Sleman",3,3,123.0,Sleman
3800000000,"Caturtunggal, Sleman",40,40,110.0,Sleman
1900000000,"Ngaglik, Sleman",2,1,198.0,Sleman
1820000000,"Wirobrajan, Yogyakarta",3,2,140.0,Yogyakarta
1250000000,"Jombor, Sleman",4,3,108.0,Sleman
675000000,"Gamping, Sleman",3,2,108.0,Sleman
1200000000,"Sedayu, Bantul",3,2,436.0,Bantul
1250000000,"Depok, Sleman",5,3,145.0,Sleman
1900000000,"Ngaglik, Sleman",4,2,162.0,Sleman
3500000000,"Maguwoharjo, Yogyakarta",3,3,728.0,Yogyakarta
2000000000,"Depok, Sleman",3,5,158.0,Sleman
1980000000,"Ngaglik, Sleman",5,3,175.0,Sleman
335000000,"Kasihan, Bantul",2,1,75.0,Bantul
3100000000,"Mlati, Sleman",4,4,701.0,Sleman
3500000000,"Maguwoharjo, Yogyakarta",2,3,338.0,Yogyakarta
1470000000,"Gondomanan, Yogyakarta",3,2,175.0,Yogyakarta
4200000000,"Depok, Sleman",4,4,300.0,Sleman
270000000,"Kalasan, Sleman",2,1,61.0,Sleman
2950000000,"Depok, Sleman",12,12,139.0,Sleman
880000000,"Depok, Sleman",3,2,104.0,Sleman
5300000000,"Maguwoharjo, Yogyakarta",30,30,427.0,Yogyakarta
245000000,"Berbah, Sleman",2,1,75.0,Sleman
7700000000,"Kraton, Yogyakarta",4,3,289.0,Yogyakarta
3500000000,"Depok, Sleman",7,4,190.0,Sleman
4000000000,"Depok, Sleman",10,10,273.0,Sleman
850000000,"Sedayu, Bantul",2,1,143.0,Bantul
430000000,"Sedayu, Bantul",2,1,81.0,Bantul
500000000,"Sleman, Yogyakarta",2,1,80.0,Yogyakarta
2200000000,"Depok, Sleman",3,3,139.0,Sleman
350000000,"Sewon, Bantul",2,1,75.0,Bantul
440000000,"Jetis, Bantul",2,1,88.0,Bantul
345000000,"Kasihan, Bantul",2,1,106.0,Bantul
407000000,"Plered, Bantul",2,1,80.0,Bantul
349000000,"Kulonprogo, Yogyakarta",2,1,74.0,Yogyakarta
750000000,"Ngemplak, Sleman",3,1,103.0,Sleman
2200000000,"Depok, Sleman",3,3,139.0,Sleman
298000000,"Pajangan, Bantul",2,1,61.0,Bantul
1520000000,"Ngaglik, Sleman",4,2,99.0,Sleman
298000000,"Pajangan, Bantul",2,1,61.0,Bantul
1500000000,"Purwomartani, Yogyakarta",5,3,158.0,Yogyakarta
1500000000,"Jetis, Yogyakarta",5,3,135.0,Yogyakarta
520000000,"Sayegan, Sleman",2,1,90.0,Sleman
1700000000,"Gamping, Sleman",5,3,144.0,Sleman
3200000000,"Ngaglik, Sleman",4,4,204.0,Sleman
1700000000,"Ngaglik, Sleman",2,1,114.0,Sleman
1700000000,"Gamping, Sleman",5,3,144.0,Sleman
1950000000,"Depok, Sleman",5,6,166.0,Sleman
487000000,"Cebongan, Sleman",3,1,95.0,Sleman
999000000,"Godean, Sleman",3,1,145.0,Sleman
480000000,"Sayegan, Sleman",3,1,92.0,Sleman
2600000000,"Condong Catur, Sleman",3,2,126.0,Sleman
532000000,"Godean, Sleman",3,1,91.0,Sleman
2500000000,"Depok, Sleman",4,3,123.0,Sleman
555000000,"Sayegan, Sleman",3,1,114.0,Sleman
835000000,"Banguntapan, Bantul",3,2,102.0,Bantul
530000000,"Mlati, Sleman",3,1,90.0,Sleman
2500000000,"Ngaglik, Sleman",4,4,265.0,Sleman
520000000,"Godean, Sleman",2,1,90.0,Sleman
4900000000,"Ngaglik, Sleman",4,3,300.0,Sleman
365000000,"Pandak, Bantul",2,1,100.0,Bantul
735000000,"Ngemplak, Sleman",3,2,105.0,Sleman
1800000000,"Ngemplak, Sleman",4,2,168.0,Sleman
685000000,"Sleman, Yogyakarta",3,2,120.0,Yogyakarta
750000000,"Sleman, Yogyakarta",3,2,120.0,Yogyakarta
775000000,"Ngemplak, Sleman",3,2,113.0,Sleman
1500000000,"Kalasan, Sleman",5,3,158.0,Sleman
500000000,"Prambanan, Sleman",2,2,90.0,Sleman
900000000,"Ngaglik, Sleman",3,2,195.0,Sleman
2500000000,"Banguntapan, Bantul",4,3,291.0,Bantul
2500000000,"Depok, Sleman",4,3,123.0,Sleman
750000000,"Banguntapan, Bantul",3,2,141.0,Bantul
700000000,"Berbah, Sleman",3,1,110.0,Sleman
375000000,"Kalasan, Sleman",2,1,72.0,Sleman
450000000,"Banguntapan, Bantul",2,1,97.0,Bantul
2200000000,"Depok, Sleman",3,3,139.0,Sleman
545000000,"Banguntapan, Bantul",3,1,117.0,Bantul
920000000,"Banguntapan, Bantul",3,3,105.0,Bantul
290000000,"Berbah, Sleman",2,1,70.0,Sleman
2200000000,"Ngaglik, Sleman",3,3,150.0,Sleman
1500000000,"Kalasan, Sleman",3,2,158.0,Sleman
1500000000,"Maguwoharjo, Yogyakarta",3,4,150.0,Yogyakarta
900000000,"Umbulharjo, Yogyakarta",16,5,171.0,Yogyakarta
1200000000,"Maguwoharjo, Yogyakarta",3,3,100.0,Yogyakarta
4500000000,"Mlati, Sleman",4,4,564.0,Sleman
850000000,"Godean, Sleman",6,3,835.0,Sleman
960000000,"Kaliurang, Yogyakarta",3,3,107.0,Yogyakarta
5000000000,"Mlati, Sleman",5,5,277.0,Sleman
7000000,"Caturtunggal, Yogyakarta",5,5,2769.0,Yogyakarta
1200000000,"Depok, Sleman",3,2,130.0,Sleman
1790000000,"Ngaglik, Sleman",10,10,205.0,Sleman
520000000,"Mlati, Sleman",2,1,90.0,Sleman
2950000000,"Maguwoharjo, Yogyakarta",12,12,200.0,Yogyakarta
999000000,"Maguwoharjo, Yogyakarta",3,3,103.0,Yogyakarta
395000000,"Pakem, Sleman",2,1,75.0,Sleman
2100000000,"Ngaglik, Sleman",10,11,121.0,Sleman
783000000,"Gamping, Sleman",3,2,79.0,Sleman
10000000000,"Jetis, Yogyakarta",5,2,323.0,Yogyakarta
1700000000,"Gamping, Sleman",4,2,144.0,Sleman
3300000000,"Ngaglik, Sleman",3,2,148.0,Sleman
10000000000,"Jetis, Yogyakarta",4,3,323.0,Yogyakarta
775000000,"Ngemplak, Sleman",3,2,145.0,Sleman
600000000,"Maguwoharjo, Yogyakarta",3,1,109.0,Yogyakarta
2450000000,"Kalasan, Sleman",4,4,175.0,Sleman
1100000000,"Godean, Sleman",3,1,145.0,Sleman
1800000000,"Ngemplak, Sleman",8,8,112.0,Sleman
1100000000,"Condong Catur, Sleman",3,2,150.0,Sleman
498000000,"Godean, Sleman",3,2,90.0,Sleman
2500000000,"Ngaglik, Sleman",2,1,209.0,Sleman
495000000,"Ngemplak, Sleman",2,1,72.0,Sleman
592000000,"Godean, Sleman",2,1,104.0,Sleman
5500000000,"Ngaglik, Sleman",4,4,192.0,Sleman
1400000000,"Ngemplak, Sleman",3,4,150.0,Sleman
730000000,"Kalasan, Sleman",3,2,100.0,Sleman
4500000000,"Ngaglik, Sleman",12,8,650.0,Sleman
885000000,"Kalasan, Sleman",2,2,156.0,Sleman
1780000000,"Maguwoharjo, Yogyakarta",4,3,120.0,Yogyakarta
1780000000,"Maguwoharjo, Yogyakarta",4,3,120.0,Yogyakarta
885000000,"Kalasan, Sleman",2,2,156.0,Sleman
4700000000,"Ngaglik, Sleman",4,3,334.0,Sleman
4500000000,"Ngaglik, Sleman",12,8,650.0,Sleman
1470000000,"Depok, Sleman",4,3,178.0,Sleman
1400000000,"Ngemplak, Sleman",3,4,150.0,Sleman
315000000,"Ngaglik, Sleman",1,1,88.0,Sleman
2520000000,"Maguwoharjo, Yogyakarta",5,4,177.0,Yogyakarta
594000000,"Sleman, Sleman",2,1,79.0,Sleman
1490000000,"Kalasan, Sleman",5,4,126.0,Sleman
2850000000,"Caturtunggal, Yogyakarta",5,2,290.0,Yogyakarta
3250000000,"Wates, Kulon Progo",3,2,500.0,Kulon Progo
750000000,"Wates, Kulon Progo",2,1,144.0,Kulon Progo
315000000,"Ngaglik, Sleman",2,1,88.0,Sleman
2230000000,"Ngaglik, Sleman",10,10,230.0,Sleman
580000000,"Kalasan, Sleman",3,2,100.0,Sleman
580000000,"Kalasan, Sleman",3,2,100.0,Sleman
2530000000,"Maguwoharjo, Yogyakarta",5,4,178.0,Yogyakarta
1000000000,"Mergangsan, Yogyakarta",2,1,96.0,Yogyakarta
8490000000,"Caturtunggal, Sleman",8,5,364.0,Sleman
680000000,"Ngaglik, Sleman",3,1,97.0,Sleman
3200000000,"Kalasan, Sleman",5,4,229.0,Sleman
950000000,"Bantul, Yogyakarta",3,2,181.0,Yogyakarta
2530000000,"Kalasan, Sleman",5,4,178.0,Sleman
1890000000,"Maguwoharjo, Yogyakarta",3,3,150.0,Yogyakarta
295000000,"Kalasan, Sleman",2,1,36.0,Sleman
1970000000,"Ngaglik, Sleman",3,3,137.0,Sleman
743000000,"Danurejan, Yogyakarta",3,2,81.0,Yogyakarta
571000000,"Sleman, Sleman",2,1,79.0,Sleman
610000000,"Sleman, Sleman",2,1,89.0,Sleman
591000000,"Sleman, Sleman",2,1,84.0,Sleman
580000000,"Sleman, Sleman",2,1,81.0,Sleman
565000000,"Sleman, Sleman",2,1,76.0,Sleman
850000000,"Ngemplak, Sleman",2,1,93.0,Sleman
622000000,"Mlati, Sleman",2,1,115.0,Sleman
235000000,"Depok, Sleman",2,1,73.0,Sleman
910000000,"Sleman, Sleman",4,2,106.0,Sleman
8000000000,"Ngaglik, Sleman",7,6,400.0,Sleman
4650000000,"Ngaglik, Sleman",5,4,180.0,Sleman
4400000000,"Umbulharjo, Yogyakarta",7,5,525.0,Yogyakarta
2500000000,"Kraton, Yogyakarta",6,3,393.0,Yogyakarta
2400000000,"Ngaglik, Sleman",3,2,238.0,Sleman
1900000000,"Wirobrajan, Yogyakarta",5,1,250.0,Yogyakarta
1300000000,"Umbulharjo, Yogyakarta",2,2,134.0,Yogyakarta
1300000000,"Depok, Sleman",4,3,144.0,Sleman
850000000,"Sleman, Sleman",2,1,105.0,Sleman
4700000000,"Ngaglik, Sleman",4,3,334.0,Sleman
485000000,"Sayegan, Sleman",3,1,91.0,Sleman
2600000000,"Mlati, Sleman",3,3,135.0,Sleman
6700000000,"Sekip, Yogyakarta",7,4,530.0,Yogyakarta
520000000,"Godean, Sleman",2,1,90.0,Sleman
2109999999,"Mlati, Sleman",3,2,110.0,Sleman
3870000000,"Mlati, Sleman",3,3,204.0,Sleman
3230000000,"Mlati, Sleman",3,3,153.0,Sleman
7700000000,"Ngaglik, Sleman",4,3,336.0,Sleman
549000000,"Ngaglik, Sleman",2,1,90.0,Sleman
1900000000,"Ngaglik, Sleman",2,1,198.0,Sleman
287000000,"Kulonprogo, Kulon Progo",2,1,72.0,Kulon Progo
327000000,"Kulonprogo, Kulon Progo",2,1,84.0,Kulon Progo
290000000,"Kulonprogo, Kulon Progo",2,1,74.0,Kulon Progo
287000000,"Kulonprogo, Kulon Progo",2,1,71.0,Kulon Progo
278000000,"Kulonprogo, Kulon Progo",2,1,71.0,Kulon Progo
775000000,"Kalasan, Sleman",3,2,145.0,Sleman
790000000,"Nologaten, Yogyakarta",3,2,75.0,Yogyakarta
735000000,"Ngemplak, Sleman",3,2,105.0,Sleman
2200000000,"Depok, Sleman",3,3,139.0,Sleman
1250000000,"Ngaglik, Sleman",4,3,168.0,Sleman
765000000,"Kalasan, Sleman",3,2,118.0,Sleman
1850000000,"Ngemplak, Sleman",3,2,116.0,Sleman
2200000000,"Ngaglik, Sleman",3,3,125.0,Sleman
645000000,"Banguntapan, Bantul",3,1,93.0,Bantul
645000000,"Banguntapan, Bantul",3,1,93.0,Bantul
499000000,"Tempel, Sleman",2,1,120.0,Sleman
1780000000,"Depok, Sleman",5,3,120.0,Sleman
3700000000,"Bantul, Bantul",4,4,305.0,Bantul
753000000,"Demangan, Yogyakarta",3,2,84.0,Yogyakarta
898000000,"Ngemplak, Sleman",3,2,90.0,Sleman
415000000,"Kasihan, Bantul",2,1,77.0,Bantul
2000000000,"Caturtunggal, Sleman",5,3,133.0,Sleman
1500000000,"Condong Catur, Sleman",4,2,150.0,Sleman
2200000000,"Gamping, Sleman",3,3,119.0,Sleman
395000000,"Sedayu, Bantul",2,1,36.0,Bantul
1500000000,"Condong Catur, Sleman",3,3,150.0,Sleman
395000000,"Kasihan, Bantul",2,1,77.0,Bantul
2000000000,"Ngaglik, Sleman",3,2,200.0,Sleman
3200000000,"Ngaglik, Sleman",4,4,204.0,Sleman
2109999999,"Mlati, Sleman",3,2,110.0,Sleman
3870000000,"Mlati, Sleman",3,3,204.0,Sleman
3230000000,"Mlati, Sleman",3,3,153.0,Sleman
5000000000,"Karangmojo, Gunung Kidul",4,2,4.0,Gunung Kidul
756000000,"Ngaglik, Sleman",2,1,95.0,Sleman
747000000,"Cebongan, Sleman",3,2,89.0,Sleman
756000000,"Ngaglik, Sleman",2,1,95.0,Sleman
897000000,"Ngemplak, Sleman",3,2,107.0,Sleman
530000000,"Sayegan, Sleman",2,1,90.0,Sleman
559000000,"Maguwoharjo, Yogyakarta",2,1,85.0,Yogyakarta
2900000000,"Depok, Sleman",3,2,185.0,Sleman
520000000,"Godean, Sleman",2,1,90.0,Sleman
737000000,"Gondomanan, Yogyakarta",3,2,79.0,Yogyakarta
728000000,"Ngaglik, Sleman",2,1,105.0,Sleman
562000000,"Sleman, Sleman",2,1,92.0,Sleman
743000000,"Jetis, Yogyakarta",3,2,81.0,Yogyakarta
728000000,"Ngaglik, Sleman",2,1,105.0,Sleman
1850000000,"Ngaglik, Sleman",4,4,513.0,Sleman
7000000000,"Mergangsan, Yogyakarta",4,4,527.0,Yogyakarta
775000000,"Ngemplak, Sleman",3,2,132.0,Sleman
743000000,"Kasihan, Bantul",2,2,81.0,Bantul
675000000,"Ngaglik, Sleman",2,1,121.0,Sleman
675000000,"Depok, Sleman",2,1,121.0,Sleman
753000000,"Godean, Sleman",3,2,84.0,Sleman
970000000,"Umbulharjo, Yogyakarta",3,1,145.0,Yogyakarta
1970000000,"Depok, Sleman",5,6,166.0,Sleman
2130000000,"Mlati, Sleman",3,2,111.0,Sleman
4490000000,"Mlati, Sleman",3,3,260.0,Sleman
3370000000,"Mlati, Sleman",3,3,166.0,Sleman
450000000,"Kasihan, Bantul",2,1,101.0,Bantul
450000000,"Kasihan, Bantul",2,1,101.0,Bantul
1800000000,"Kotagede, Yogyakarta",3,2,112.0,Yogyakarta
835000000,"Depok, Sleman",3,1,92.0,Sleman
1820000000,"Gondokusuman, Yogyakarta",3,3,140.0,Yogyakarta
775000000,"Ngaglik, Sleman",3,2,113.0,Sleman
592000000,"Prambanan, Sleman",2,1,90.0,Sleman
592000000,"Kalasan, Sleman",2,1,90.0,Sleman
1200000000,"Purwomartani   , Sleman",3,3,100.0,Sleman
775000000,"Kalasan, Sleman",3,2,145.0,Sleman
549000000,"Bantul, Bantul",3,1,83.0,Bantul
1450000000,"Depok, Sleman",3,3,110.0,Sleman
650000000,"Sayegan, Sleman",3,2,103.0,Sleman
1100000000,"Godean, Sleman",3,1,142.0,Sleman
2000000000,"Sleman, Yogyakarta",4,3,182.0,Yogyakarta
2500000000,"Bantul, Yogyakarta",5,3,241.0,Yogyakarta
1390000000,"Ngaglik, Sleman",3,2,103.0,Sleman
895000000,"Mlati, Sleman",3,2,112.0,Sleman
2500000000,"Depok, Sleman",4,3,123.0,Sleman
2300000000,"Sleman, Yogyakarta",4,3,182.0,Yogyakarta
1800000000,"Jetis, Bantul",4,5,500.0,Bantul
500000000,"Kalasan, Sleman",3,2,104.0,Sleman
750000000,"Gamping, Sleman",2,1,89.0,Sleman
756000000,"Ngaglik, Sleman",2,1,140.0,Sleman
1780000000,"Depok, Sleman",4,3,118.0,Sleman
2300000000,"Sleman, Yogyakarta",4,3,200.0,Yogyakarta
